week_start,segment,channel,geo,spend,impressions,clicks,conversions,new_user_conversions,returning_user_conversions,conversion_value
2026-03-17,consumer,google_brand,US_W,6747.23,58905,5355,460.27,161.09,299.17,22230.80
2026-03-17,consumer,google_brand,US_E,6219.35,44784,4976,469.40,164.29,305.11,21686.10
2026-03-17,consumer,google_brand,US_C,4463.71,38995,3545,293.12,102.59,190.53,12311.20
2026-03-17,consumer,google_brand,CA,2642.26,29358,2097,177.36,62.08,115.29,7076.76
2026-03-17,consumer,google_brand,LATAM,1681.28,11304,1413,114.78,40.17,74.61,2169.42
2026-03-17,consumer,google_nonbrand,US_W,17183.25,71136,5928,291.81,256.80,35.02,35437.72
2026-03-17,consumer,google_nonbrand,US_E,15590.47,52398,5822,281.59,247.80,33.79,32709.09
2026-03-17,consumer,google_nonbrand,US_C,10788.67,45576,3798,183.97,161.90,22.08,19427.60
2026-03-17,consumer,google_nonbrand,CA,6924.33,35406,2529,127.37,112.08,15.28,12777.38
2026-03-17,consumer,google_nonbrand,LATAM,4103.48,18655,1435,62.56,55.05,7.51,2972.69
2026-03-17,consumer,meta_prospect,US_W,28852.73,294426,26766,681.37,626.86,54.51,86506.96
2026-03-17,consumer,meta_prospect,US_E,29745.19,255177,28353,850.30,782.28,68.02,103260.46
2026-03-17,consumer,meta_prospect,US_C,18635.58,168620,16862,503.69,463.39,40.29,55606.84
2026-03-17,consumer,meta_prospect,CA,11163.21,88677,9853,263.03,241.98,21.04,27586.23
2026-03-17,consumer,meta_prospect,LATAM,7732.70,67980,6798,169.21,155.67,13.54,8406.18
2026-03-17,consumer,meta_retarget,US_W,12523.92,192269,17479,1137.96,284.49,853.47,39259.79
2026-03-17,consumer,meta_retarget,US_E,12972.18,210837,19167,1213.50,303.38,910.13,40045.54
2026-03-17,consumer,meta_retarget,US_C,8832.50,117018,13002,764.70,191.17,573.52,22940.98
2026-03-17,consumer,meta_retarget,CA,4806.94,93223,7171,462.65,115.66,346.99,13185.44
2026-03-17,consumer,meta_retarget,LATAM,3205.51,68670,4578,251.44,62.86,188.58,3394.45
2026-03-17,consumer,tiktok_creator,US_W,16179.47,340284,28357,535.44,508.66,26.77,70195.63
2026-03-17,consumer,tiktok_creator,US_E,22703.17,532779,40983,750.02,712.52,37.50,94052.30
2026-03-17,consumer,tiktok_creator,US_C,13409.48,230337,25593,461.55,438.47,23.08,52616.89
2026-03-17,consumer,tiktok_creator,CA,5683.45,107060,10706,179.33,170.36,8.97,19421.22
2026-03-17,consumer,tiktok_creator,LATAM,20411.29,515508,36822,514.20,488.49,25.71,26378.30
2026-03-17,consumer,youtube,US_W,8528.87,32384,4048,84.63,67.70,16.93,9342.97
2026-03-17,consumer,youtube,US_E,8642.30,47472,3956,93.73,74.98,18.75,9897.86
2026-03-17,consumer,youtube,US_C,5840.66,27360,2736,57.71,46.16,11.54,5539.78
2026-03-17,consumer,youtube,CA,3335.12,19920,1660,39.27,31.41,7.85,3580.99
2026-03-17,consumer,youtube,LATAM,2409.12,10593,1177,22.04,17.63,4.41,952.29
2026-03-17,consumer,reddit_test,US_W,2542.28,15213,1383,21.32,18.12,3.20,2501.01
2026-03-17,consumer,reddit_test,US_E,2266.69,10336,1292,19.53,16.60,2.93,2191.56
2026-03-17,consumer,reddit_test,US_C,1625.33,11713,901,12.47,10.60,1.87,1271.52
2026-03-17,consumer,reddit_test,CA,1018.17,4672,584,8.42,7.16,1.26,816.17
2026-03-17,consumer,reddit_test,LATAM,613.47,5145,343,4.00,3.40,0.60,183.82
2026-03-17,enterprise,google_brand,US_W,3782.03,11320,1132,45.58,18.23,27.35,58702.13
2026-03-17,enterprise,google_brand,US_E,3385.95,11580,965,38.98,15.59,23.39,48028.88
2026-03-17,enterprise,google_brand,US_C,2410.63,7656,696,30.43,12.17,18.26,34076.64
2026-03-17,enterprise,google_brand,CA,1489.06,5473,421,17.42,6.97,10.45,18533.01
2026-03-17,enterprise,google_brand,LATAM,950.49,2992,272,8.55,3.42,5.13,4307.69
2026-03-17,enterprise,google_nonbrand,US_W,7814.05,13189,1199,21.81,19.63,2.18,63219.14
2026-03-17,enterprise,google_nonbrand,US_E,7737.66,11457,1273,20.89,18.80,2.09,57913.75
2026-03-17,enterprise,google_nonbrand,US_C,5963.26,10956,996,16.39,14.75,1.64,41300.95
2026-03-17,enterprise,google_nonbrand,CA,3240.91,7815,521,9.45,8.51,0.95,22627.10
2026-03-17,enterprise,google_nonbrand,LATAM,2147.89,3105,345,5.18,4.66,0.52,5874.55
2026-03-17,enterprise,linkedin_abm,US_W,23574.83,41310,2754,32.54,30.26,2.28,97452.92
2026-03-17,enterprise,linkedin_abm,US_E,26666.99,26973,2997,37.07,34.47,2.59,106176.93
2026-03-17,enterprise,linkedin_abm,US_C,10040.74,10872,1208,15.37,14.29,1.08,40016.91
2026-03-17,enterprise,linkedin_abm,CA,8292.54,13230,945,11.22,10.44,0.79,27764.58
2026-03-17,enterprise,linkedin_abm,LATAM,2050.61,2160,240,2.63,2.45,0.18,3083.41
2026-03-17,enterprise,linkedin_retarget,US_W,7629.94,12648,1581,39.92,11.98,27.95,38565.45
2026-03-17,enterprise,linkedin_retarget,US_E,7887.44,14247,1583,35.73,10.72,25.01,33018.50
2026-03-17,enterprise,linkedin_retarget,US_C,3525.12,10935,729,17.01,5.10,11.91,14287.31
2026-03-17,enterprise,linkedin_retarget,CA,2632.13,5450,545,14.72,4.42,10.31,11747.88
2026-03-17,enterprise,linkedin_retarget,LATAM,647.22,2025,135,2.73,0.82,1.91,1033.47
2026-03-17,enterprise,meta_prospect,US_W,5214.46,36240,2416,20.22,17.79,2.43,57292.68
2026-03-17,enterprise,meta_prospect,US_E,5101.74,18168,2271,19.87,17.49,2.38,53858.64
2026-03-17,enterprise,meta_prospect,US_C,3742.83,16250,1625,13.22,11.63,1.59,32571.28
2026-03-17,enterprise,meta_prospect,CA,2006.86,8208,912,7.81,6.87,0.94,18278.56
2026-03-17,enterprise,meta_prospect,LATAM,1461.90,6084,676,4.35,3.83,0.52,4827.00
2026-03-17,enterprise,youtube,US_W,4817.95,9696,1212,12.31,9.23,3.08,29731.79
2026-03-17,enterprise,youtube,US_E,4585.95,14781,1137,11.56,8.67,2.89,26704.23
2026-03-17,enterprise,youtube,US_C,3208.66,8558,778,8.12,6.09,2.03,17044.43
2026-03-17,enterprise,youtube,CA,1732.50,6255,417,4.29,3.22,1.07,8561.24
2026-03-17,enterprise,youtube,LATAM,1164.71,4470,298,2.32,1.74,0.58,2189.05
2026-03-24,consumer,google_brand,US_W,6727.94,62051,5641,467.07,163.48,303.60,22559.62
2026-03-24,consumer,google_brand,US_E,6606.21,47718,5302,462.77,161.97,300.80,21379.97
2026-03-24,consumer,google_brand,US_C,4667.01,46056,3838,321.78,112.62,209.15,13514.58
2026-03-24,consumer,google_brand,CA,2687.17,18784,2348,217.83,76.24,141.59,8691.32
2026-03-24,consumer,google_brand,LATAM,1807.27,13626,1514,125.82,44.04,81.78,2378.04
2026-03-24,consumer,google_nonbrand,US_W,17658.78,54684,6076,280.43,246.78,33.65,34055.84
2026-03-24,consumer,google_nonbrand,US_E,17139.98,65010,5910,282.60,248.69,33.91,32827.02
2026-03-24,consumer,google_nonbrand,US_C,11383.00,47328,3944,202.49,178.20,24.30,21383.40
2026-03-24,consumer,google_nonbrand,CA,6605.71,18400,2300,124.39,109.46,14.93,12478.57
2026-03-24,consumer,google_nonbrand,LATAM,4112.98,11656,1457,59.16,52.06,7.10,2811.13
2026-03-24,consumer,meta_prospect,US_W,27741.02,242880,24288,745.32,685.70,59.63,94626.17
2026-03-24,consumer,meta_prospect,US_E,29600.01,216384,27048,746.39,686.68,59.71,90641.70
2026-03-24,consumer,meta_prospect,US_C,17820.10,169210,16921,491.89,452.54,39.35,54304.50
2026-03-24,consumer,meta_prospect,CA,11483.16,107880,10788,307.05,282.48,24.56,32203.26
2026-03-24,consumer,meta_prospect,LATAM,7514.62,52144,6518,150.93,138.85,12.07,7498.16
2026-03-24,consumer,meta_retarget,US_W,13404.23,167337,18593,1059.70,264.92,794.77,36559.51
2026-03-24,consumer,meta_retarget,US_E,12305.02,176830,17683,1140.49,285.12,855.37,37636.25
2026-03-24,consumer,meta_retarget,US_C,8972.23,124800,12480,698.26,174.56,523.69,20947.69
2026-03-24,consumer,meta_retarget,CA,5347.57,94588,7276,457.21,114.30,342.91,13030.63
2026-03-24,consumer,meta_retarget,LATAM,3511.81,54692,4972,262.19,65.55,196.64,3539.55
2026-03-24,consumer,tiktok_creator,US_W,16519.74,247192,30899,512.59,486.96,25.63,67200.28
2026-03-24,consumer,tiktok_creator,US_E,23093.07,612315,40821,781.30,742.24,39.07,97975.29
2026-03-24,consumer,tiktok_creator,US_C,13702.27,282821,25711,497.17,472.31,24.86,56677.10
2026-03-24,consumer,tiktok_creator,CA,5043.87,80001,8889,154.51,146.78,7.73,16733.03
2026-03-24,consumer,tiktok_creator,LATAM,20956.69,521654,37261,586.22,556.91,29.31,30073.34
2026-03-24,consumer,youtube,US_W,8641.27,34048,4256,90.47,72.38,18.09,9987.89
2026-03-24,consumer,youtube,US_E,7883.02,47160,3930,80.90,64.72,16.18,8543.23
2026-03-24,consumer,youtube,US_C,5186.28,32409,2493,53.15,42.52,10.63,5102.72
2026-03-24,consumer,youtube,CA,3325.81,18260,1660,33.71,26.97,6.74,3074.60
2026-03-24,consumer,youtube,LATAM,2152.09,11506,1046,17.61,14.09,3.52,760.79
2026-03-24,consumer,reddit_test,US_W,2347.86,16224,1248,19.33,16.43,2.90,2267.98
2026-03-24,consumer,reddit_test,US_E,2447.29,16572,1381,19.16,16.29,2.87,2149.73
2026-03-24,consumer,reddit_test,US_C,1601.82,10848,904,13.09,11.13,1.96,1335.04
2026-03-24,consumer,reddit_test,CA,968.36,7294,521,8.07,6.86,1.21,782.25
2026-03-24,consumer,reddit_test,LATAM,658.16,4560,380,4.96,4.21,0.74,227.52
2026-03-24,enterprise,google_brand,US_W,3545.90,11506,1046,40.20,16.08,24.12,51776.09
2026-03-24,enterprise,google_brand,US_E,3559.62,15375,1025,42.27,16.91,25.36,52074.90
2026-03-24,enterprise,google_brand,US_C,2377.65,6910,691,27.70,11.08,16.62,31025.98
2026-03-24,enterprise,google_brand,CA,1476.60,5356,412,17.02,6.81,10.21,18109.35
2026-03-24,enterprise,google_brand,LATAM,897.54,3216,268,8.63,3.45,5.18,4348.93
2026-03-24,enterprise,google_nonbrand,US_W,8029.92,13816,1256,20.46,18.41,2.05,59286.25
2026-03-24,enterprise,google_nonbrand,US_E,9050.41,22125,1475,27.98,25.18,2.80,77548.58
2026-03-24,enterprise,google_nonbrand,US_C,5523.34,12628,902,15.24,13.72,1.52,38414.30
2026-03-24,enterprise,google_nonbrand,CA,3356.98,4216,527,9.78,8.80,0.98,23418.28
2026-03-24,enterprise,google_nonbrand,LATAM,2380.73,5558,397,6.54,5.89,0.65,7419.05
2026-03-24,enterprise,linkedin_abm,US_W,24066.37,43755,2917,36.38,33.83,2.55,108930.19
2026-03-24,enterprise,linkedin_abm,US_E,23386.48,40230,2682,34.43,32.02,2.41,98610.33
2026-03-24,enterprise,linkedin_abm,US_C,10166.41,15483,1191,14.38,13.37,1.01,37448.09
2026-03-24,enterprise,linkedin_abm,CA,9262.13,15848,1132,13.89,12.92,0.97,34361.22
2026-03-24,enterprise,linkedin_abm,LATAM,2274.24,4020,268,2.95,2.74,0.21,3457.70
2026-03-24,enterprise,linkedin_retarget,US_W,7638.49,18792,1566,41.81,12.54,29.27,40389.55
2026-03-24,enterprise,linkedin_retarget,US_E,8027.48,19296,1608,41.22,12.37,28.85,38086.41
2026-03-24,enterprise,linkedin_retarget,US_C,3268.25,8671,667,15.79,4.74,11.05,13263.21
2026-03-24,enterprise,linkedin_retarget,CA,2563.85,5654,514,11.92,3.58,8.34,9512.66
2026-03-24,enterprise,linkedin_retarget,LATAM,647.65,1750,125,2.50,0.75,1.75,946.62
2026-03-24,enterprise,meta_prospect,US_W,5320.17,26708,2428,19.10,16.81,2.29,54112.69
2026-03-24,enterprise,meta_prospect,US_E,5687.62,20448,2556,21.55,18.97,2.59,58412.80
2026-03-24,enterprise,meta_prospect,US_C,3805.48,14200,1775,13.86,12.20,1.66,34151.74
2026-03-24,enterprise,meta_prospect,CA,2313.01,14420,1030,8.06,7.09,0.97,18863.80
2026-03-24,enterprise,meta_prospect,LATAM,1448.81,7403,673,4.85,4.27,0.58,5378.64
2026-03-24,enterprise,youtube,US_W,4491.53,15358,1097,10.94,8.20,2.73,26416.47
2026-03-24,enterprise,youtube,US_E,4382.01,11150,1115,10.94,8.20,2.73,25263.61
2026-03-24,enterprise,youtube,US_C,3163.44,6592,824,9.03,6.77,2.26,18967.68
2026-03-24,enterprise,youtube,CA,1917.20,4347,483,4.99,3.74,1.25,9949.98
2026-03-24,enterprise,youtube,LATAM,1227.41,2360,295,2.49,1.87,0.62,2351.44
2026-03-31,consumer,google_brand,US_W,6346.73,67561,5197,463.49,162.22,301.27,22386.68
2026-03-31,consumer,google_brand,US_E,6875.86,79240,5660,535.07,187.28,347.80,24720.45
2026-03-31,consumer,google_brand,US_C,4225.60,26992,3374,274.47,96.06,178.41,11527.79
2026-03-31,consumer,google_brand,CA,2851.16,18720,2340,216.92,75.92,141.00,8655.27
2026-03-31,consumer,google_brand,LATAM,1831.59,12752,1594,114.61,40.11,74.50,2166.11
2026-03-31,consumer,google_nonbrand,US_W,16820.33,52650,5850,290.95,256.04,34.91,35333.37
2026-03-31,consumer,google_nonbrand,US_E,16668.88,75205,5785,300.79,264.69,36.09,34939.66
2026-03-31,consumer,google_nonbrand,US_C,10415.31,33831,3759,197.27,173.60,23.67,20831.66
2026-03-31,consumer,google_nonbrand,CA,6893.35,19032,2379,114.45,100.72,13.73,11482.09
2026-03-31,consumer,google_nonbrand,LATAM,4701.94,23674,1691,77.73,68.40,9.33,3693.84
2026-03-31,consumer,meta_prospect,US_W,28028.74,286308,26028,666.98,613.62,53.36,84680.11
2026-03-31,consumer,meta_prospect,US_E,26684.67,224271,24919,746.61,686.89,59.73,90668.82
2026-03-31,consumer,meta_prospect,US_C,19900.53,254940,18210,463.08,426.03,37.05,51124.04
2026-03-31,consumer,meta_prospect,CA,11694.61,81384,10173,293.25,269.79,23.46,30755.99
2026-03-31,consumer,meta_prospect,LATAM,8025.08,97890,7530,165.08,151.87,13.21,8200.95
2026-03-31,consumer,meta_retarget,US_W,12873.34,265916,18994,1186.89,296.72,890.17,40947.75
2026-03-31,consumer,meta_retarget,US_E,11947.09,256560,17104,1057.12,264.28,792.84,34885.00
2026-03-31,consumer,meta_retarget,US_C,8352.79,160173,12321,752.93,188.23,564.70,22587.98
2026-03-31,consumer,meta_retarget,CA,5323.62,117840,7856,432.39,108.10,324.30,12323.23
2026-03-31,consumer,meta_retarget,LATAM,3222.30,64218,4587,239.10,59.77,179.32,3227.84
2026-03-31,consumer,tiktok_creator,US_W,16710.81,455475,30365,527.44,501.07,26.37,69147.59
2026-03-31,consumer,tiktok_creator,US_E,20834.03,468096,39008,679.72,645.74,33.99,85237.26
2026-03-31,consumer,tiktok_creator,US_C,14165.33,283767,25797,435.65,413.87,21.78,49664.63
2026-03-31,consumer,tiktok_creator,CA,5652.26,153975,10265,194.31,184.59,9.72,21043.80
2026-03-31,consumer,tiktok_creator,LATAM,19955.22,326232,36248,587.09,557.73,29.35,30117.52
2026-03-31,consumer,youtube,US_W,8123.45,49803,3831,79.96,63.96,15.99,8827.04
2026-03-31,consumer,youtube,US_E,8364.06,51935,3995,86.58,69.26,17.32,9142.90
2026-03-31,consumer,youtube,US_C,5467.22,28501,2591,54.80,43.84,10.96,5260.55
2026-03-31,consumer,youtube,CA,3156.06,14560,1456,29.59,23.68,5.92,2699.04
2026-03-31,consumer,youtube,LATAM,2129.45,12456,1038,18.54,14.83,3.71,801.06
2026-03-31,consumer,reddit_test,US_W,2584.52,19279,1483,21.34,18.14,3.20,2503.01
2026-03-31,consumer,reddit_test,US_E,2276.91,14436,1203,18.17,15.44,2.73,2038.47
2026-03-31,consumer,reddit_test,US_C,1483.65,7870,787,11.31,9.62,1.70,1154.05
2026-03-31,consumer,reddit_test,CA,981.18,4464,558,7.70,6.55,1.16,746.59
2026-03-31,consumer,reddit_test,LATAM,647.58,3580,358,4.51,3.83,0.68,207.02
2026-03-31,enterprise,google_brand,US_W,3868.13,9693,1077,46.20,18.48,27.72,59501.23
2026-03-31,enterprise,google_brand,US_E,3785.54,8560,1070,39.15,15.66,23.49,48237.90
2026-03-31,enterprise,google_brand,US_C,2266.26,6003,667,29.08,11.63,17.45,32565.72
2026-03-31,enterprise,google_brand,CA,1553.80,4697,427,17.98,7.19,10.79,19134.27
2026-03-31,enterprise,google_brand,LATAM,1002.35,3384,282,10.37,4.15,6.22,5227.16
2026-03-31,enterprise,google_nonbrand,US_W,8884.06,12024,1503,26.00,23.40,2.60,75350.76
2026-03-31,enterprise,google_nonbrand,US_E,8547.34,15521,1411,27.67,24.90,2.77,76705.62
2026-03-31,enterprise,google_nonbrand,US_C,5712.46,9889,899,14.83,13.34,1.48,37362.92
2026-03-31,enterprise,google_nonbrand,CA,3184.64,7365,491,7.96,7.16,0.80,19053.68
2026-03-31,enterprise,google_nonbrand,LATAM,2307.87,4452,371,5.15,4.63,0.51,5835.25
2026-03-31,enterprise,linkedin_abm,US_W,26034.45,34375,3125,37.16,34.55,2.60,111265.07
2026-03-31,enterprise,linkedin_abm,US_E,26909.21,35816,3256,40.05,37.25,2.80,114717.08
2026-03-31,enterprise,linkedin_abm,US_C,10670.64,15120,1260,15.57,14.48,1.09,40535.03
2026-03-31,enterprise,linkedin_abm,CA,9091.53,12276,1023,11.46,10.65,0.80,28339.29
2026-03-31,enterprise,linkedin_abm,LATAM,2192.85,3990,266,2.94,2.74,0.21,3447.15
2026-03-31,enterprise,linkedin_retarget,US_W,7237.20,17688,1474,38.32,11.50,26.83,37019.09
2026-03-31,enterprise,linkedin_retarget,US_E,7700.58,12312,1539,35.25,10.57,24.67,32567.77
2026-03-31,enterprise,linkedin_retarget,US_C,3505.62,5736,717,18.30,5.49,12.81,15369.32
2026-03-31,enterprise,linkedin_retarget,CA,2467.38,4128,516,13.77,4.13,9.64,10985.89
2026-03-31,enterprise,linkedin_retarget,LATAM,712.75,1160,145,2.94,0.88,2.06,1111.02
2026-03-31,enterprise,meta_prospect,US_W,5627.33,37110,2474,19.87,17.48,2.38,56295.32
2026-03-31,enterprise,meta_prospect,US_E,5759.49,38010,2534,20.62,18.14,2.47,55882.92
2026-03-31,enterprise,meta_prospect,US_C,3870.18,22789,1753,13.77,12.11,1.65,33921.73
2026-03-31,enterprise,meta_prospect,CA,2218.80,15660,1044,8.07,7.10,0.97,18884.88
2026-03-31,enterprise,meta_prospect,LATAM,1391.21,5280,660,4.77,4.20,0.57,5288.37
2026-03-31,enterprise,youtube,US_W,4467.47,15344,1096,10.57,7.93,2.64,25532.87
2026-03-31,enterprise,youtube,US_E,4762.74,18435,1229,11.06,8.30,2.77,25557.45
2026-03-31,enterprise,youtube,US_C,2958.36,10740,716,6.96,5.22,1.74,14620.34
2026-03-31,enterprise,youtube,CA,1836.12,4700,470,4.42,3.32,1.11,8820.58
2026-03-31,enterprise,youtube,LATAM,1282.11,2862,318,2.81,2.11,0.70,2655.61
2026-04-07,consumer,google_brand,US_W,6102.49,51510,5151,491.34,171.97,319.37,23731.81
2026-04-07,consumer,google_brand,US_E,6400.15,55814,5074,448.26,156.89,291.37,20709.46
2026-04-07,consumer,google_brand,US_C,4746.55,37062,4118,367.76,128.72,239.05,15446.02
2026-04-07,consumer,google_brand,CA,2702.39,26088,2174,212.59,74.41,138.18,8482.36
2026-04-07,consumer,google_brand,LATAM,1762.50,21525,1435,117.13,40.99,76.13,2213.69
2026-04-07,consumer,google_nonbrand,US_W,15823.45,56800,5680,277.39,244.10,33.29,33685.96
2026-04-07,consumer,google_nonbrand,US_E,17461.03,85344,6096,322.48,283.78,38.70,37459.13
2026-04-07,consumer,google_nonbrand,US_C,10718.18,31504,3938,187.73,165.20,22.53,19824.42
2026-04-07,consumer,google_nonbrand,CA,6370.68,33435,2229,113.39,99.78,13.61,11375.07
2026-04-07,consumer,google_nonbrand,LATAM,4657.14,21502,1654,70.07,61.67,8.41,3329.96
2026-04-07,consumer,meta_prospect,US_W,28736.74,341081,26237,728.07,669.83,58.25,92436.39
2026-04-07,consumer,meta_prospect,US_E,30185.38,402640,28760,763.21,702.16,61.06,92684.59
2026-04-07,consumer,meta_prospect,US_C,18190.03,254880,16992,432.35,397.76,34.59,47731.62
2026-04-07,consumer,meta_prospect,CA,11774.34,110370,11037,301.99,277.84,24.16,31673.22
2026-04-07,consumer,meta_prospect,LATAM,7594.32,85592,6584,156.77,144.23,12.54,7788.38
2026-04-07,consumer,meta_retarget,US_W,13345.32,296670,19778,1172.51,293.13,879.38,40451.68
2026-04-07,consumer,meta_retarget,US_E,11622.94,160130,16013,1032.06,258.01,774.04,34057.88
2026-04-07,consumer,meta_retarget,US_C,7828.57,160972,11498,657.46,164.36,493.09,19723.76
2026-04-07,consumer,meta_retarget,CA,5160.83,106834,7631,490.12,122.53,367.59,13968.55
2026-04-07,consumer,meta_retarget,LATAM,3604.15,78210,5214,286.52,71.63,214.89,3868.01
2026-04-07,consumer,tiktok_creator,US_W,18182.41,378288,31524,518.45,492.53,25.92,67969.27
2026-04-07,consumer,tiktok_creator,US_E,23578.21,395343,43927,780.24,741.23,39.01,97842.65
2026-04-07,consumer,tiktok_creator,US_C,14624.89,271320,27132,449.36,426.89,22.47,51226.52
2026-04-07,consumer,tiktok_creator,CA,5629.48,85184,10648,174.26,165.55,8.71,18872.42
2026-04-07,consumer,tiktok_creator,LATAM,18855.31,473942,33853,481.24,457.17,24.06,24687.38
2026-04-07,consumer,youtube,US_W,8488.61,37440,4160,85.48,68.38,17.10,9436.92
2026-04-07,consumer,youtube,US_E,8547.16,60330,4022,91.72,73.38,18.34,9686.15
2026-04-07,consumer,youtube,US_C,5969.89,32892,2741,59.83,47.87,11.97,5744.01
2026-04-07,consumer,youtube,CA,3338.27,24240,1616,38.39,30.71,7.68,3501.02
2026-04-07,consumer,youtube,LATAM,2383.79,17325,1155,20.12,16.10,4.02,869.23
2026-04-07,consumer,reddit_test,US_W,2570.97,20958,1497,21.55,18.32,3.23,2528.17
2026-04-07,consumer,reddit_test,US_E,2473.08,19152,1368,19.71,16.75,2.96,2211.23
2026-04-07,consumer,reddit_test,US_C,1690.45,11726,902,13.21,11.23,1.98,1347.32
2026-04-07,consumer,reddit_test,CA,971.49,7924,566,8.14,6.92,1.22,788.99
2026-04-07,consumer,reddit_test,LATAM,616.91,2752,344,4.55,3.87,0.68,208.80
2026-04-07,enterprise,google_brand,US_W,3836.52,13476,1123,47.91,19.16,28.75,61708.37
2026-04-07,enterprise,google_brand,US_E,3758.83,11484,1044,44.28,17.71,26.57,54555.10
2026-04-07,enterprise,google_brand,US_C,2452.46,7090,709,29.37,11.75,17.62,32892.47
2026-04-07,enterprise,google_brand,CA,1469.55,5232,436,17.95,7.18,10.77,19099.26
2026-04-07,enterprise,google_brand,LATAM,1004.33,2730,273,9.03,3.61,5.42,4551.69
2026-04-07,enterprise,google_nonbrand,US_W,7849.14,12400,1240,23.42,21.08,2.34,67884.94
2026-04-07,enterprise,google_nonbrand,US_E,7997.87,17238,1326,25.67,23.10,2.57,71143.58
2026-04-07,enterprise,google_nonbrand,US_C,5627.64,11340,945,18.13,16.32,1.81,45698.35
2026-04-07,enterprise,google_nonbrand,CA,3582.59,7236,603,11.87,10.68,1.19,28413.42
2026-04-07,enterprise,google_nonbrand,LATAM,2328.37,3321,369,5.21,4.69,0.52,5909.47
2026-04-07,enterprise,linkedin_abm,US_W,23751.53,40936,2924,37.62,34.98,2.63,112642.85
2026-04-07,enterprise,linkedin_abm,US_E,27084.03,45962,3283,38.34,35.65,2.68,109816.56
2026-04-07,enterprise,linkedin_abm,US_C,9960.05,14112,1176,13.98,13.01,0.98,36415.35
2026-04-07,enterprise,linkedin_abm,CA,8756.90,9567,1063,13.88,12.91,0.97,34334.54
2026-04-07,enterprise,linkedin_abm,LATAM,2220.42,3380,260,2.72,2.53,0.19,3181.91
2026-04-07,enterprise,linkedin_retarget,US_W,8211.60,23940,1596,36.41,10.92,25.49,35176.38
2026-04-07,enterprise,linkedin_retarget,US_E,8204.37,16080,1608,39.46,11.84,27.62,36463.53
2026-04-07,enterprise,linkedin_retarget,US_C,3059.94,5247,583,16.02,4.81,11.21,13457.33
2026-04-07,enterprise,linkedin_retarget,CA,2469.85,7695,513,11.89,3.57,8.32,9488.60
2026-04-07,enterprise,linkedin_retarget,LATAM,646.38,1890,135,2.98,0.89,2.09,1127.00
2026-04-07,enterprise,meta_prospect,US_W,5475.46,22905,2545,21.93,19.30,2.63,62139.16
2026-04-07,enterprise,meta_prospect,US_E,5688.31,31380,2615,22.76,20.03,2.73,61680.57
2026-04-07,enterprise,meta_prospect,US_C,3330.84,16434,1494,11.82,10.40,1.42,29116.26
2026-04-07,enterprise,meta_prospect,CA,2282.84,12948,996,8.26,7.27,0.99,19344.14
2026-04-07,enterprise,meta_prospect,LATAM,1338.75,8910,594,4.42,3.89,0.53,4898.05
2026-04-07,enterprise,youtube,US_W,4206.00,8168,1021,10.49,7.87,2.62,25345.05
2026-04-07,enterprise,youtube,US_E,4176.42,11286,1026,11.26,8.45,2.82,26017.67
2026-04-07,enterprise,youtube,US_C,2792.93,7876,716,6.74,5.06,1.69,14155.36
2026-04-07,enterprise,youtube,CA,1890.16,3672,459,4.84,3.63,1.21,9659.53
2026-04-07,enterprise,youtube,LATAM,1157.24,3636,303,2.83,2.12,0.71,2671.16
2026-04-14,consumer,google_brand,US_W,5074.20,40630,4063,392.47,137.36,255.11,18956.29
2026-04-14,consumer,google_brand,US_E,4466.98,49790,3830,326.63,114.32,212.31,15090.44
2026-04-14,consumer,google_brand,US_C,2978.46,33922,2423,201.79,70.63,131.16,8475.24
2026-04-14,consumer,google_brand,CA,1945.24,21580,1660,148.69,52.04,96.65,5932.74
2026-04-14,consumer,google_brand,LATAM,1294.17,8288,1036,79.31,27.76,51.55,1499.05
2026-04-14,consumer,google_nonbrand,US_W,12547.45,55968,4664,240.61,211.74,28.87,29219.83
2026-04-14,consumer,google_nonbrand,US_E,12025.97,67410,4494,204.96,180.37,24.60,23808.56
2026-04-14,consumer,google_nonbrand,US_C,8520.01,45300,3020,139.16,122.46,16.70,14695.34
2026-04-14,consumer,google_nonbrand,CA,4512.41,13896,1544,78.87,69.41,9.46,7912.45
2026-04-14,consumer,google_nonbrand,LATAM,3035.50,14261,1097,47.42,41.73,5.69,2253.33
2026-04-14,consumer,meta_prospect,US_W,20514.02,263620,18830,505.61,465.16,40.45,64192.55
2026-04-14,consumer,meta_prospect,US_E,19571.36,199661,18151,544.09,500.56,43.53,66074.03
2026-04-14,consumer,meta_prospect,US_C,13785.68,195270,13018,358.22,329.56,28.66,39547.59
2026-04-14,consumer,meta_prospect,CA,8229.47,99489,7653,206.25,189.75,16.50,21631.54
2026-04-14,consumer,meta_prospect,LATAM,5723.99,77070,5138,113.79,104.69,9.10,5653.04
2026-04-14,consumer,meta_retarget,US_W,8605.20,114300,12700,700.01,175.00,525.01,24150.29
2026-04-14,consumer,meta_retarget,US_E,9607.35,108392,13549,752.80,188.20,564.60,24842.44
2026-04-14,consumer,meta_retarget,US_C,6248.96,80838,8982,520.56,130.14,390.42,15616.76
2026-04-14,consumer,meta_retarget,CA,3645.44,75628,5402,352.72,88.18,264.54,10052.40
2026-04-14,consumer,meta_retarget,LATAM,2610.68,45732,3811,212.57,53.14,159.43,2869.68
2026-04-14,consumer,tiktok_creator,US_W,12292.65,337860,22524,382.14,363.03,19.11,50098.43
2026-04-14,consumer,tiktok_creator,US_E,15318.53,347880,26760,514.95,489.20,25.75,64574.97
2026-04-14,consumer,tiktok_creator,US_C,9667.36,240618,17187,292.42,277.80,14.62,33336.17
2026-04-14,consumer,tiktok_creator,CA,4227.65,64408,8051,154.15,146.44,7.71,16694.14
2026-04-14,consumer,tiktok_creator,LATAM,14558.09,215096,26887,427.29,405.92,21.36,21919.91
2026-04-14,consumer,youtube,US_W,5848.52,36933,2841,60.11,48.09,12.02,6636.61
2026-04-14,consumer,youtube,US_E,6016.77,38822,2773,56.65,45.32,11.33,5982.58
2026-04-14,consumer,youtube,US_C,3826.14,16785,1865,44.90,35.92,8.98,4310.56
2026-04-14,consumer,youtube,CA,2562.56,15405,1185,25.65,20.52,5.13,2339.46
2026-04-14,consumer,youtube,LATAM,1553.55,6525,725,13.08,10.47,2.62,565.11
2026-04-14,consumer,reddit_test,US_W,1869.07,8016,1002,15.79,13.43,2.37,1852.73
2026-04-14,consumer,reddit_test,US_E,1810.07,14730,982,15.21,12.93,2.28,1706.23
2026-04-14,consumer,reddit_test,US_C,1194.15,5913,657,9.29,7.90,1.39,948.03
2026-04-14,consumer,reddit_test,CA,686.97,5490,366,5.69,4.83,0.85,550.94
2026-04-14,consumer,reddit_test,LATAM,471.64,2056,257,3.09,2.63,0.46,142.00
2026-04-14,enterprise,google_brand,US_W,2433.50,6810,681,25.67,10.27,15.40,33058.84
2026-04-14,enterprise,google_brand,US_E,2753.23,11550,770,28.46,11.38,17.08,35061.62
2026-04-14,enterprise,google_brand,US_C,1830.65,5566,506,19.76,7.90,11.85,22125.69
2026-04-14,enterprise,google_brand,CA,1056.68,2799,311,13.20,5.28,7.92,14046.74
2026-04-14,enterprise,google_brand,LATAM,692.82,3030,202,6.78,2.71,4.07,3417.32
2026-04-14,enterprise,google_nonbrand,US_W,6579.03,15386,1099,20.08,18.07,2.01,58196.86
2026-04-14,enterprise,google_nonbrand,US_E,6370.29,8152,1019,16.93,15.24,1.69,46930.80
2026-04-14,enterprise,google_nonbrand,US_C,4415.63,10320,688,13.49,12.14,1.35,34001.48
2026-04-14,enterprise,google_nonbrand,CA,2596.45,3924,436,7.20,6.48,0.72,17240.46
2026-04-14,enterprise,google_nonbrand,LATAM,1576.15,3584,256,3.94,3.54,0.39,4462.94
2026-04-14,enterprise,linkedin_abm,US_W,19587.29,23610,2361,26.75,24.88,1.87,80118.47
2026-04-14,enterprise,linkedin_abm,US_E,17237.75,22594,2054,24.80,23.06,1.74,71033.88
2026-04-14,enterprise,linkedin_abm,US_C,8439.43,9770,977,12.26,11.40,0.86,31917.64
2026-04-14,enterprise,linkedin_abm,CA,6072.27,6890,689,7.77,7.22,0.54,19215.02
2026-04-14,enterprise,linkedin_abm,LATAM,1650.94,2955,197,1.88,1.75,0.13,2202.58
2026-04-14,enterprise,linkedin_retarget,US_W,5617.46,14690,1130,28.70,8.61,20.09,27723.23
2026-04-14,enterprise,linkedin_retarget,US_E,5979.33,10899,1211,28.16,8.45,19.71,26021.27
2026-04-14,enterprise,linkedin_retarget,US_C,2409.41,3904,488,12.92,3.88,9.05,10855.36
2026-04-14,enterprise,linkedin_retarget,CA,1891.27,2896,362,8.98,2.69,6.29,7166.64
2026-04-14,enterprise,linkedin_retarget,LATAM,449.95,828,92,1.79,0.54,1.25,676.43
2026-04-14,enterprise,meta_prospect,US_W,4035.28,14680,1835,14.57,12.82,1.75,41287.03
2026-04-14,enterprise,meta_prospect,US_E,3930.50,23933,1841,15.18,13.35,1.82,41131.00
2026-04-14,enterprise,meta_prospect,US_C,2685.96,18315,1221,10.66,9.38,1.28,26271.68
2026-04-14,enterprise,meta_prospect,CA,1484.40,6309,701,5.43,4.78,0.65,12716.16
2026-04-14,enterprise,meta_prospect,LATAM,1057.40,6960,464,3.00,2.64,0.36,3321.98
2026-04-14,enterprise,youtube,US_W,3561.37,11596,892,9.12,6.84,2.28,22014.88
2026-04-14,enterprise,youtube,US_E,3234.80,10283,791,7.77,5.82,1.94,17938.71
2026-04-14,enterprise,youtube,US_C,2264.33,7020,540,5.54,4.16,1.39,11636.85
2026-04-14,enterprise,youtube,CA,1229.06,3528,294,3.04,2.28,0.76,6074.55
2026-04-14,enterprise,youtube,LATAM,845.59,2180,218,2.03,1.52,0.51,1913.73
2026-04-21,consumer,google_brand,US_W,4949.46,54054,4158,347.38,121.58,225.80,16778.60
2026-04-21,consumer,google_brand,US_E,4930.65,41720,4172,387.66,135.68,251.98,17909.69
2026-04-21,consumer,google_brand,US_C,3441.58,41902,2993,259.11,90.69,168.42,10882.68
2026-04-21,consumer,google_brand,CA,2080.72,15336,1704,141.94,49.68,92.26,5663.55
2026-04-21,consumer,google_brand,LATAM,1387.69,14911,1147,85.32,29.86,55.46,1612.56
2026-04-21,consumer,google_nonbrand,US_W,12323.84,68985,4599,222.67,195.95,26.72,27041.20
2026-04-21,consumer,google_nonbrand,US_E,12086.14,54384,4532,210.96,185.65,25.32,24505.36
2026-04-21,consumer,google_nonbrand,US_C,8942.12,24528,3066,161.61,142.21,19.39,17065.49
2026-04-21,consumer,google_nonbrand,CA,5216.79,27062,1933,98.93,87.06,11.87,9924.81
2026-04-21,consumer,google_nonbrand,LATAM,3202.49,11070,1107,48.86,43.00,5.86,2321.93
2026-04-21,consumer,meta_prospect,US_W,22735.22,216975,19725,537.31,494.33,42.98,68216.94
2026-04-21,consumer,meta_prospect,US_E,23607.94,325485,21699,638.24,587.18,51.06,77508.01
2026-04-21,consumer,meta_prospect,US_C,14015.74,186135,12409,379.81,349.42,30.38,41930.64
2026-04-21,consumer,meta_prospect,CA,9350.97,123600,8240,238.95,219.83,19.12,25060.84
2026-04-21,consumer,meta_prospect,LATAM,5819.60,72450,5175,120.26,110.63,9.62,5974.28
2026-04-21,consumer,meta_retarget,US_W,10432.04,153750,15375,978.08,244.52,733.56,33743.84
2026-04-21,consumer,meta_retarget,US_E,10287.17,182481,14037,838.95,209.74,629.21,27685.37
2026-04-21,consumer,meta_retarget,US_C,6528.35,80595,8955,574.47,143.62,430.85,17234.09
2026-04-21,consumer,meta_retarget,CA,3749.58,54970,5497,314.83,78.71,236.12,8972.72
2026-04-21,consumer,meta_retarget,LATAM,2725.87,56025,3735,206.12,51.53,154.59,2782.67
2026-04-21,consumer,tiktok_creator,US_W,12631.27,335356,23954,423.83,402.64,21.19,55564.53
2026-04-21,consumer,tiktok_creator,US_E,15149.04,348595,26815,530.41,503.89,26.52,66513.23
2026-04-21,consumer,tiktok_creator,US_C,9306.46,215982,16614,275.07,261.32,13.75,31358.32
2026-04-21,consumer,tiktok_creator,CA,3962.55,104145,6943,119.65,113.66,5.98,12957.78
2026-04-21,consumer,tiktok_creator,LATAM,13945.78,366600,24440,389.30,369.84,19.47,19971.26
2026-04-21,consumer,youtube,US_W,6591.32,35926,3266,64.94,51.95,12.99,7169.36
2026-04-21,consumer,youtube,US_E,6818.73,45668,3262,75.03,60.02,15.01,7922.69
2026-04-21,consumer,youtube,US_C,4046.17,15080,1885,39.82,31.86,7.96,3822.79
2026-04-21,consumer,youtube,CA,2480.41,10773,1197,26.98,21.58,5.40,2460.65
2026-04-21,consumer,youtube,LATAM,1618.38,6408,801,15.27,12.21,3.05,659.60
2026-04-21,consumer,reddit_test,US_W,1888.15,12672,1056,16.53,14.05,2.48,1939.24
2026-04-21,consumer,reddit_test,US_E,1828.17,14378,1027,14.61,12.41,2.19,1638.76
2026-04-21,consumer,reddit_test,US_C,1171.06,8593,661,9.96,8.47,1.49,1016.08
2026-04-21,consumer,reddit_test,CA,688.48,3064,383,5.75,4.89,0.86,557.51
2026-04-21,consumer,reddit_test,LATAM,484.45,3484,268,3.51,2.98,0.53,161.10
2026-04-21,enterprise,google_brand,US_W,2664.33,9412,724,30.63,12.25,18.38,39452.87
2026-04-21,enterprise,google_brand,US_E,2658.77,10023,771,28.40,11.36,17.04,34983.13
2026-04-21,enterprise,google_brand,US_C,1740.65,4890,489,18.93,7.57,11.36,21199.80
2026-04-21,enterprise,google_brand,CA,1168.11,5085,339,14.86,5.95,8.92,15815.28
2026-04-21,enterprise,google_brand,LATAM,755.23,3330,222,6.89,2.76,4.13,3471.78
2026-04-21,enterprise,google_nonbrand,US_W,5992.42,7496,937,17.85,16.06,1.78,51723.42
2026-04-21,enterprise,google_nonbrand,US_E,6280.92,14895,993,17.51,15.76,1.75,48538.19
2026-04-21,enterprise,google_nonbrand,US_C,4144.29,8905,685,11.57,10.41,1.16,29152.02
2026-04-21,enterprise,google_nonbrand,CA,2738.75,5052,421,7.81,7.03,0.78,18706.78
2026-04-21,enterprise,google_nonbrand,LATAM,1622.14,3870,258,4.25,3.83,0.43,4825.05
2026-04-21,enterprise,linkedin_abm,US_W,20641.56,36000,2400,31.53,29.32,2.21,94415.69
2026-04-21,enterprise,linkedin_abm,US_E,20012.28,27876,2323,29.53,27.47,2.07,84595.63
2026-04-21,enterprise,linkedin_abm,US_C,8721.91,10490,1049,11.53,10.72,0.81,30018.67
2026-04-21,enterprise,linkedin_abm,CA,6705.22,9288,774,8.51,7.91,0.60,21046.93
2026-04-21,enterprise,linkedin_abm,LATAM,1612.67,2865,191,1.92,1.79,0.13,2249.17
2026-04-21,enterprise,linkedin_retarget,US_W,5791.64,14365,1105,29.67,8.90,20.77,28660.69
2026-04-21,enterprise,linkedin_retarget,US_E,6041.57,9600,1200,30.84,9.25,21.59,28493.22
2026-04-21,enterprise,linkedin_retarget,US_C,2369.65,4800,480,11.67,3.50,8.17,9804.44
2026-04-21,enterprise,linkedin_retarget,CA,2181.37,6300,420,10.73,3.22,7.51,8559.27
2026-04-21,enterprise,linkedin_retarget,LATAM,470.66,1170,90,2.02,0.61,1.41,763.19
2026-04-21,enterprise,meta_prospect,US_W,4068.73,19320,1932,14.01,12.33,1.68,39700.18
2026-04-21,enterprise,meta_prospect,US_E,4279.69,18288,2032,15.84,13.94,1.90,42932.44
2026-04-21,enterprise,meta_prospect,US_C,2806.46,15348,1279,10.02,8.82,1.20,24697.50
2026-04-21,enterprise,meta_prospect,CA,1597.52,10470,698,5.85,5.15,0.70,13687.13
2026-04-21,enterprise,meta_prospect,LATAM,1112.61,6312,526,3.30,2.91,0.40,3662.77
2026-04-21,enterprise,youtube,US_W,3580.26,13035,869,8.88,6.66,2.22,21455.93
2026-04-21,enterprise,youtube,US_E,3300.75,7950,795,7.27,5.45,1.82,16800.04
2026-04-21,enterprise,youtube,US_C,2458.82,7943,611,5.61,4.20,1.40,11773.19
2026-04-21,enterprise,youtube,CA,1424.07,4356,363,3.67,2.75,0.92,7314.26
2026-04-21,enterprise,youtube,LATAM,982.44,2540,254,2.25,1.69,0.56,2126.68
2026-04-28,consumer,google_brand,US_W,5915.55,54263,4933,410.35,143.62,266.73,19819.87
2026-04-28,consumer,google_brand,US_E,5914.08,62374,4798,431.30,150.96,280.35,19926.23
2026-04-28,consumer,google_brand,US_C,3799.26,31240,3124,298.24,104.38,193.85,12525.89
2026-04-28,consumer,google_brand,CA,2300.50,27555,1837,159.02,55.66,103.37,6345.06
2026-04-28,consumer,google_brand,LATAM,1512.87,11646,1294,105.39,36.89,68.51,1991.92
2026-04-28,consumer,google_nonbrand,US_W,13278.35,69825,4655,212.93,187.38,25.55,25857.90
2026-04-28,consumer,google_nonbrand,US_E,14532.17,51090,5109,274.76,241.79,32.97,31916.12
2026-04-28,consumer,google_nonbrand,US_C,9820.21,27016,3377,168.95,148.67,20.27,17840.77
2026-04-28,consumer,google_nonbrand,CA,5949.63,21280,2128,102.23,89.96,12.27,10255.89
2026-04-28,consumer,google_nonbrand,LATAM,3659.82,16008,1334,54.95,48.36,6.59,2611.18
2026-04-28,consumer,meta_prospect,US_W,25748.34,273876,22823,656.31,603.80,52.50,83324.54
2026-04-28,consumer,meta_prospect,US_E,22934.72,204380,20438,576.10,530.01,46.09,69961.06
2026-04-28,consumer,meta_prospect,US_C,16504.21,196612,15124,395.62,363.97,31.65,43676.95
2026-04-28,consumer,meta_prospect,CA,10294.02,75336,9417,280.83,258.36,22.47,29453.18
2026-04-28,consumer,meta_prospect,LATAM,6070.18,69180,5765,144.64,133.07,11.57,7185.93
2026-04-28,consumer,meta_retarget,US_W,11047.28,129624,16203,955.96,238.99,716.97,32980.67
2026-04-28,consumer,meta_retarget,US_E,10783.07,187200,15600,896.63,224.16,672.47,29588.68
2026-04-28,consumer,meta_retarget,US_C,7171.35,126672,10556,656.79,164.20,492.59,19703.79
2026-04-28,consumer,meta_retarget,CA,4282.51,87262,6233,348.41,87.10,261.30,9929.56
2026-04-28,consumer,meta_retarget,LATAM,2869.14,51701,3977,207.15,51.79,155.37,2796.58
2026-04-28,consumer,tiktok_creator,US_W,13674.99,317382,24414,482.34,458.23,24.12,63235.37
2026-04-28,consumer,tiktok_creator,US_E,17704.35,279009,31001,543.57,516.39,27.18,68163.66
2026-04-28,consumer,tiktok_creator,US_C,10270.78,204721,18611,319.42,303.45,15.97,36413.73
2026-04-28,consumer,tiktok_creator,CA,3876.89,94248,6732,131.97,125.37,6.60,14292.35
2026-04-28,consumer,tiktok_creator,LATAM,14098.45,345397,26569,378.84,359.90,18.94,19434.44
2026-04-28,consumer,youtube,US_W,7690.02,37420,3742,77.22,61.77,15.44,8524.78
2026-04-28,consumer,youtube,US_E,7188.97,41136,3428,75.40,60.32,15.08,7961.95
2026-04-28,consumer,youtube,US_C,4791.96,32820,2188,47.11,37.69,9.42,4522.39
2026-04-28,consumer,youtube,CA,3091.17,11440,1430,30.53,24.43,6.11,2784.74
2026-04-28,consumer,youtube,LATAM,1850.51,13335,889,17.76,14.21,3.55,767.41
2026-04-28,consumer,reddit_test,US_W,1984.13,10480,1048,14.49,12.31,2.17,1699.20
2026-04-28,consumer,reddit_test,US_E,2180.29,16094,1238,19.55,16.62,2.93,2193.51
2026-04-28,consumer,reddit_test,US_C,1270.05,8749,673,10.22,8.69,1.53,1042.42
2026-04-28,consumer,reddit_test,CA,828.82,5280,440,6.61,5.61,0.99,640.08
2026-04-28,consumer,reddit_test,LATAM,576.40,3240,324,4.22,3.59,0.63,193.82
2026-04-28,enterprise,google_brand,US_W,3316.10,12181,937,39.69,15.88,23.81,51121.43
2026-04-28,enterprise,google_brand,US_E,3110.36,12264,876,32.55,13.02,19.53,40097.94
2026-04-28,enterprise,google_brand,US_C,2054.59,7280,560,20.77,8.31,12.46,23266.79
2026-04-28,enterprise,google_brand,CA,1292.69,3700,370,13.76,5.50,8.26,14641.56
2026-04-28,enterprise,google_brand,LATAM,799.20,2760,230,7.29,2.92,4.38,3675.25
2026-04-28,enterprise,google_nonbrand,US_W,7298.80,17670,1178,21.25,19.12,2.12,61568.58
2026-04-28,enterprise,google_nonbrand,US_E,7431.14,15262,1174,22.47,20.22,2.25,62277.08
2026-04-28,enterprise,google_nonbrand,US_C,4664.53,8664,722,12.78,11.50,1.28,32203.26
2026-04-28,enterprise,google_nonbrand,CA,3012.96,3968,496,9.26,8.34,0.93,22177.47
2026-04-28,enterprise,google_nonbrand,LATAM,1947.33,3366,306,4.83,4.34,0.48,5474.37
2026-04-28,enterprise,linkedin_abm,US_W,22337.11,37086,2649,29.69,27.61,2.08,88919.40
2026-04-28,enterprise,linkedin_abm,US_E,20357.15,21942,2438,26.52,24.66,1.86,75949.93
2026-04-28,enterprise,linkedin_abm,US_C,8788.11,14378,1027,12.12,11.28,0.85,31570.40
2026-04-28,enterprise,linkedin_abm,CA,7621.87,13320,888,11.24,10.46,0.79,27810.51
2026-04-28,enterprise,linkedin_abm,LATAM,1959.41,2350,235,2.19,2.03,0.15,2562.91
2026-04-28,enterprise,linkedin_retarget,US_W,6611.43,19950,1330,36.56,10.97,25.59,35319.39
2026-04-28,enterprise,linkedin_retarget,US_E,6618.59,16887,1299,30.35,9.11,21.25,28045.54
2026-04-28,enterprise,linkedin_retarget,US_C,2845.94,6948,579,15.54,4.66,10.88,13053.06
2026-04-28,enterprise,linkedin_retarget,CA,2299.82,5340,445,10.56,3.17,7.39,8427.68
2026-04-28,enterprise,linkedin_retarget,LATAM,540.13,1356,113,2.30,0.69,1.61,870.93
2026-04-28,enterprise,meta_prospect,US_W,4774.32,33165,2211,17.65,15.53,2.12,50010.48
2026-04-28,enterprise,meta_prospect,US_E,4510.93,25668,2139,18.12,15.95,2.17,49120.57
2026-04-28,enterprise,meta_prospect,US_C,2977.20,19082,1363,11.00,9.68,1.32,27099.54
2026-04-28,enterprise,meta_prospect,CA,1943.30,11076,923,7.83,6.89,0.94,18337.49
2026-04-28,enterprise,meta_prospect,LATAM,1142.42,8130,542,3.38,2.97,0.41,3742.53
2026-04-28,enterprise,youtube,US_W,3948.44,12132,1011,9.53,7.15,2.38,23019.01
2026-04-28,enterprise,youtube,US_E,4119.21,11550,1050,9.74,7.30,2.43,22495.41
2026-04-28,enterprise,youtube,US_C,2462.38,6886,626,6.30,4.72,1.57,13227.61
2026-04-28,enterprise,youtube,CA,1430.59,3186,354,3.69,2.77,0.92,7369.31
2026-04-28,enterprise,youtube,LATAM,1057.06,2540,254,2.36,1.77,0.59,2229.80
2026-05-05,consumer,google_brand,US_W,6361.02,82965,5531,535.46,187.41,348.05,25862.85
2026-05-05,consumer,google_brand,US_E,6612.73,67812,5651,486.95,170.43,316.52,22497.04
2026-05-05,consumer,google_brand,US_C,4405.29,42020,3820,315.57,110.45,205.12,13254.00
2026-05-05,consumer,google_brand,CA,2597.41,22120,2212,216.47,75.76,140.70,8637.01
2026-05-05,consumer,google_brand,LATAM,1699.30,11704,1463,121.63,42.57,79.06,2298.85
2026-05-05,consumer,google_nonbrand,US_W,17427.13,73908,6159,307.67,270.75,36.92,37362.92
2026-05-05,consumer,google_nonbrand,US_E,17116.07,52308,5812,294.55,259.20,35.35,34214.92
2026-05-05,consumer,google_nonbrand,US_C,11499.76,60585,4039,200.11,176.09,24.01,21131.21
2026-05-05,consumer,google_nonbrand,CA,6859.36,28320,2360,118.10,103.93,14.17,11847.73
2026-05-05,consumer,google_nonbrand,LATAM,4093.22,21075,1405,55.68,49.00,6.68,2646.00
2026-05-05,consumer,meta_prospect,US_W,28544.90,344721,26517,670.32,616.69,53.63,85103.81
2026-05-05,consumer,meta_prospect,US_E,29180.56,267070,26707,786.28,723.37,62.90,95485.24
2026-05-05,consumer,meta_prospect,US_C,18918.90,244118,17437,479.01,440.69,38.32,52882.42
2026-05-05,consumer,meta_prospect,CA,11180.61,97440,9744,282.07,259.50,22.57,29583.26
2026-05-05,consumer,meta_prospect,LATAM,8008.62,58112,7264,187.95,172.92,15.04,9337.48
2026-05-05,consumer,meta_retarget,US_W,11855.55,214344,16488,1039.49,259.87,779.62,35862.31
2026-05-05,consumer,meta_retarget,US_E,11936.74,226616,17432,943.72,235.93,707.79,31142.77
2026-05-05,consumer,meta_retarget,US_C,8471.73,138864,11572,641.31,160.33,480.98,19239.16
2026-05-05,consumer,meta_retarget,CA,4662.48,81408,6784,441.48,110.37,331.11,12582.30
2026-05-05,consumer,meta_retarget,LATAM,3387.39,63778,4906,272.26,68.06,204.19,3675.46
2026-05-05,consumer,tiktok_creator,US_W,14703.09,259820,25982,433.40,411.73,21.67,56818.97
2026-05-05,consumer,tiktok_creator,US_E,18243.64,521865,34791,610.41,579.89,30.52,76545.39
2026-05-05,consumer,tiktok_creator,US_C,12299.57,253418,23038,441.69,419.60,22.08,50352.49
2026-05-05,consumer,tiktok_creator,CA,4726.56,130140,8676,165.14,156.89,8.26,17885.05
2026-05-05,consumer,tiktok_creator,LATAM,16481.11,265959,29551,489.86,465.37,24.49,25129.82
2026-05-05,consumer,youtube,US_W,7642.00,36560,3656,80.52,64.42,16.10,8889.44
2026-05-05,consumer,youtube,US_E,7777.14,42174,3834,83.37,66.69,16.67,8803.54
2026-05-05,consumer,youtube,US_C,5668.99,40440,2696,64.04,51.24,12.81,6148.20
2026-05-05,consumer,youtube,CA,3449.66,24525,1635,36.07,28.85,7.21,3289.16
2026-05-05,consumer,youtube,LATAM,2213.94,12720,1060,20.51,16.41,4.10,885.90
2026-05-05,consumer,reddit_test,US_W,2431.96,14707,1337,21.32,18.13,3.20,2501.34
2026-05-05,consumer,reddit_test,US_E,2377.49,11340,1260,18.31,15.57,2.75,2054.64
2026-05-05,consumer,reddit_test,US_C,1575.69,12540,836,13.53,11.50,2.03,1379.93
2026-05-05,consumer,reddit_test,CA,868.86,6692,478,7.56,6.42,1.13,732.15
2026-05-05,consumer,reddit_test,LATAM,613.58,4956,354,4.47,3.80,0.67,205.04
2026-05-05,enterprise,google_brand,US_W,3452.03,10040,1004,41.46,16.58,24.88,53399.86
2026-05-05,enterprise,google_brand,US_E,3608.63,14210,1015,37.99,15.20,22.79,46802.70
2026-05-05,enterprise,google_brand,US_C,2358.91,5512,689,26.03,10.41,15.62,29155.24
2026-05-05,enterprise,google_brand,CA,1466.59,6146,439,17.43,6.97,10.46,18545.59
2026-05-05,enterprise,google_brand,LATAM,944.03,3614,278,8.97,3.59,5.38,4523.25
2026-05-05,enterprise,google_nonbrand,US_W,7764.76,10917,1213,23.47,21.13,2.35,68023.19
2026-05-05,enterprise,google_nonbrand,US_E,7603.15,9960,1245,22.93,20.63,2.29,63548.34
2026-05-05,enterprise,google_nonbrand,US_C,5251.50,12150,810,14.85,13.37,1.49,37431.93
2026-05-05,enterprise,google_nonbrand,CA,3338.73,4392,549,8.99,8.09,0.90,21522.07
2026-05-05,enterprise,google_nonbrand,LATAM,2157.26,2704,338,4.88,4.39,0.49,5532.76
2026-05-05,enterprise,linkedin_abm,US_W,23235.17,37284,2868,32.59,30.31,2.28,97582.58
2026-05-05,enterprise,linkedin_abm,US_E,24960.37,33176,3016,38.50,35.80,2.69,110269.60
2026-05-05,enterprise,linkedin_abm,US_C,10231.18,12760,1160,14.37,13.36,1.01,37409.15
2026-05-05,enterprise,linkedin_abm,CA,8336.15,9580,958,11.63,10.81,0.81,28761.40
2026-05-05,enterprise,linkedin_abm,LATAM,2155.87,3263,251,2.56,2.38,0.18,2997.41
2026-05-05,enterprise,linkedin_retarget,US_W,8065.66,21320,1640,43.34,13.00,30.34,41869.92
2026-05-05,enterprise,linkedin_retarget,US_E,7770.02,15390,1539,36.94,11.08,25.85,34128.07
2026-05-05,enterprise,linkedin_retarget,US_C,3360.02,8040,670,17.92,5.38,12.54,15053.05
2026-05-05,enterprise,linkedin_retarget,CA,2730.64,4208,526,13.05,3.92,9.14,10416.10
2026-05-05,enterprise,linkedin_retarget,LATAM,652.17,1360,136,2.92,0.88,2.05,1104.94
2026-05-05,enterprise,meta_prospect,US_W,5188.84,20700,2300,17.78,15.64,2.13,50368.28
2026-05-05,enterprise,meta_prospect,US_E,5640.07,29172,2652,19.49,17.15,2.34,52816.87
2026-05-05,enterprise,meta_prospect,US_C,3269.38,11736,1467,11.98,10.54,1.44,29524.59
2026-05-05,enterprise,meta_prospect,CA,2239.59,10846,986,8.30,7.30,1.00,19430.63
2026-05-05,enterprise,meta_prospect,LATAM,1404.20,5288,661,4.34,3.82,0.52,4817.34
2026-05-05,enterprise,youtube,US_W,4199.63,15255,1017,10.66,8.00,2.67,25746.70
2026-05-05,enterprise,youtube,US_E,4694.58,16744,1196,12.45,9.34,3.11,28753.53
2026-05-05,enterprise,youtube,US_C,3130.04,11004,786,8.29,6.22,2.07,17415.53
2026-05-05,enterprise,youtube,CA,1751.54,5772,444,4.27,3.20,1.07,8518.41
2026-05-05,enterprise,youtube,LATAM,1176.44,4410,294,2.30,1.72,0.57,2171.97
2026-05-12,consumer,google_brand,US_W,7988.91,84981,6537,553.40,193.69,359.71,26729.13
2026-05-12,consumer,google_brand,US_E,7562.32,63410,6341,538.88,188.61,350.27,24896.11
2026-05-12,consumer,google_brand,US_C,4716.26,55314,3951,361.57,126.55,235.02,15185.78
2026-05-12,consumer,google_brand,CA,2966.66,26367,2397,204.08,71.43,132.65,8142.85
2026-05-12,consumer,google_brand,LATAM,2044.55,20760,1730,137.24,48.03,89.20,2593.79
2026-05-12,consumer,google_nonbrand,US_W,19977.57,106890,7126,372.23,327.56,44.67,45203.70
2026-05-12,consumer,google_nonbrand,US_E,19049.66,69610,6961,337.76,297.23,40.53,39234.20
2026-05-12,consumer,google_nonbrand,US_C,13230.36,37752,4719,255.62,224.95,30.67,26993.84
2026-05-12,consumer,google_nonbrand,CA,7697.30,22736,2842,130.00,114.40,15.60,13041.85
2026-05-12,consumer,google_nonbrand,LATAM,5328.15,20746,1886,85.65,75.37,10.28,4069.91
2026-05-12,consumer,meta_prospect,US_W,30822.64,405630,27042,714.58,657.41,57.17,90723.11
2026-05-12,consumer,meta_prospect,US_E,32439.71,447570,29838,863.33,794.26,69.07,104842.49
2026-05-12,consumer,meta_prospect,US_C,22636.89,274148,19582,551.83,507.68,44.15,60921.85
2026-05-12,consumer,meta_prospect,CA,12210.14,133584,11132,297.65,273.84,23.81,31217.90
2026-05-12,consumer,meta_prospect,LATAM,8147.57,76380,7638,188.11,173.06,15.05,9345.39
2026-05-12,consumer,meta_retarget,US_W,13718.31,206866,18806,1049.13,262.28,786.84,36194.85
2026-05-12,consumer,meta_retarget,US_E,14919.31,290990,20785,1210.79,302.70,908.10,39956.23
2026-05-12,consumer,meta_retarget,US_C,9101.82,149589,13599,809.25,202.31,606.94,24277.47
2026-05-12,consumer,meta_retarget,CA,6314.79,78957,8773,545.76,136.44,409.32,15554.02
2026-05-12,consumer,meta_retarget,LATAM,3999.69,53262,5918,317.49,79.37,238.12,4286.08
2026-05-12,consumer,tiktok_creator,US_W,16492.93,236944,29618,530.57,504.04,26.53,69557.14
2026-05-12,consumer,tiktok_creator,US_E,22005.78,498420,38340,737.78,700.89,36.89,92518.09
2026-05-12,consumer,tiktok_creator,US_C,13846.26,208608,26076,431.38,409.81,21.57,49177.68
2026-05-12,consumer,tiktok_creator,CA,5098.12,144615,9641,180.21,171.20,9.01,19516.94
2026-05-12,consumer,tiktok_creator,LATAM,18333.40,416964,34747,551.24,523.68,27.56,28278.54
2026-05-12,consumer,youtube,US_W,10382.68,64675,4975,99.23,79.38,19.85,10954.46
2026-05-12,consumer,youtube,US_E,9002.89,58254,4161,85.03,68.02,17.01,8978.93
2026-05-12,consumer,youtube,US_C,6952.56,45416,3244,72.28,57.82,14.46,6938.97
2026-05-12,consumer,youtube,CA,4014.24,19190,1919,41.24,32.99,8.25,3760.84
2026-05-12,consumer,youtube,LATAM,2723.41,17173,1321,22.62,18.10,4.52,977.18
2026-05-12,consumer,reddit_test,US_W,2589.22,18577,1429,22.89,19.45,3.43,2684.63
2026-05-12,consumer,reddit_test,US_E,2835.25,20709,1593,24.35,20.70,3.65,2732.28
2026-05-12,consumer,reddit_test,US_C,1718.99,13995,933,15.37,13.07,2.31,1568.12
2026-05-12,consumer,reddit_test,CA,1066.82,5950,595,8.70,7.40,1.31,843.29
2026-05-12,consumer,reddit_test,LATAM,764.93,5172,431,5.04,4.28,0.76,231.33
2026-05-12,enterprise,google_brand,US_W,4381.96,12780,1278,46.85,18.74,28.11,60338.62
2026-05-12,enterprise,google_brand,US_E,4102.20,16870,1205,44.87,17.95,26.92,55276.43
2026-05-12,enterprise,google_brand,US_C,2706.55,8904,742,26.74,10.70,16.05,29951.98
2026-05-12,enterprise,google_brand,CA,1658.21,4374,486,17.89,7.16,10.74,19038.66
2026-05-12,enterprise,google_brand,LATAM,1059.55,4214,301,10.35,4.14,6.21,5214.41
2026-05-12,enterprise,google_nonbrand,US_W,9139.73,18369,1413,25.71,23.14,2.57,74507.02
2026-05-12,enterprise,google_nonbrand,US_E,10327.11,14256,1584,28.02,25.22,2.80,77672.86
2026-05-12,enterprise,google_nonbrand,US_C,6740.17,12023,1093,21.61,19.45,2.16,54464.24
2026-05-12,enterprise,google_nonbrand,CA,3948.61,6150,615,10.81,9.73,1.08,25869.42
2026-05-12,enterprise,google_nonbrand,LATAM,2506.23,3940,394,5.60,5.04,0.56,6351.90
2026-05-12,enterprise,linkedin_abm,US_W,28971.51,30429,3381,40.44,37.61,2.83,121113.74
2026-05-12,enterprise,linkedin_abm,US_E,28626.97,52755,3517,44.07,40.98,3.08,126230.01
2026-05-12,enterprise,linkedin_abm,US_C,12735.83,17424,1452,16.05,14.93,1.12,41805.60
2026-05-12,enterprise,linkedin_abm,CA,9245.83,15064,1076,13.79,12.83,0.97,34124.05
2026-05-12,enterprise,linkedin_abm,LATAM,2631.59,3040,304,3.00,2.79,0.21,3513.42
2026-05-12,enterprise,linkedin_retarget,US_W,8660.26,26235,1749,45.43,13.63,31.80,43888.11
2026-05-12,enterprise,linkedin_retarget,US_E,8679.94,21792,1816,49.66,14.90,34.76,45882.17
2026-05-12,enterprise,linkedin_retarget,US_C,3978.04,8866,806,22.04,6.61,15.42,18509.47
2026-05-12,enterprise,linkedin_retarget,CA,2981.72,7579,583,15.41,4.62,10.79,12295.82
2026-05-12,enterprise,linkedin_retarget,LATAM,719.42,1440,144,3.12,0.93,2.18,1178.02
2026-05-12,enterprise,meta_prospect,US_W,6456.16,44235,2949,25.73,22.64,3.09,72906.99
2026-05-12,enterprise,meta_prospect,US_E,6718.41,26685,2965,25.13,22.12,3.02,68118.37
2026-05-12,enterprise,meta_prospect,US_C,4395.95,30855,2057,16.16,14.22,1.94,39810.77
2026-05-12,enterprise,meta_prospect,CA,2364.62,10530,1053,8.01,7.05,0.96,18743.53
2026-05-12,enterprise,meta_prospect,LATAM,1730.62,12135,809,5.03,4.43,0.60,5579.99
2026-05-12,enterprise,youtube,US_W,5296.93,18592,1328,14.40,10.80,3.60,34787.60
2026-05-12,enterprise,youtube,US_E,5264.64,12186,1354,13.16,9.87,3.29,30398.69
2026-05-12,enterprise,youtube,US_C,3267.58,7960,796,8.22,6.17,2.06,17266.60
2026-05-12,enterprise,youtube,CA,2140.44,7140,510,5.59,4.19,1.40,11158.59
2026-05-12,enterprise,youtube,LATAM,1498.30,3312,368,3.31,2.48,0.83,3131.09
2026-05-19,consumer,google_brand,US_W,8183.34,73194,6654,600.14,210.05,390.09,28986.70
2026-05-19,consumer,google_brand,US_E,8801.62,72540,7254,688.42,240.95,447.47,31805.02
2026-05-19,consumer,google_brand,US_C,5772.27,64134,4581,379.68,132.89,246.79,15946.64
2026-05-19,consumer,google_brand,CA,3790.43,30270,3027,290.48,101.67,188.81,11590.24
2026-05-19,consumer,google_brand,LATAM,2310.18,28410,1894,153.13,53.60,99.53,2894.13
2026-05-19,consumer,google_nonbrand,US_W,21657.86,111345,7423,387.63,341.11,46.52,47073.62
2026-05-19,consumer,google_nonbrand,US_E,21553.48,67887,7543,400.55,352.48,48.07,46527.58
2026-05-19,consumer,google_nonbrand,US_C,13667.40,48040,4804,221.43,194.86,26.57,23383.41
2026-05-19,consumer,google_nonbrand,CA,9489.39,34700,3470,174.05,153.17,20.89,17461.20
2026-05-19,consumer,google_nonbrand,LATAM,5759.03,28574,2041,86.08,75.75,10.33,4090.72
2026-05-19,consumer,meta_prospect,US_W,39135.60,482468,34462,995.29,915.67,79.62,126362.58
2026-05-19,consumer,meta_prospect,US_E,35451.51,456344,32596,857.44,788.84,68.60,104127.31
2026-05-19,consumer,meta_prospect,US_C,25105.12,209610,23290,613.75,564.65,49.10,67757.69
2026-05-19,consumer,meta_prospect,CA,15525.63,188968,14536,410.01,377.21,32.80,43001.94
2026-05-19,consumer,meta_prospect,LATAM,9939.24,134955,8997,203.95,187.64,16.32,10132.30
2026-05-19,consumer,meta_retarget,US_W,17025.30,345240,24660,1508.30,377.07,1131.22,52036.20
2026-05-19,consumer,meta_retarget,US_E,17186.10,241780,24178,1550.93,387.73,1163.20,51180.60
2026-05-19,consumer,meta_retarget,US_C,11867.34,155718,17302,996.06,249.02,747.05,29881.94
2026-05-19,consumer,meta_retarget,CA,6966.76,87894,9766,555.32,138.83,416.49,15826.70
2026-05-19,consumer,meta_retarget,LATAM,4290.81,87472,6248,319.34,79.83,239.50,4311.06
2026-05-19,consumer,tiktok_creator,US_W,19221.32,528135,35209,624.01,592.81,31.20,81807.32
2026-05-19,consumer,tiktok_creator,US_E,24614.12,456180,45618,844.98,802.73,42.25,105960.41
2026-05-19,consumer,tiktok_creator,US_C,15623.66,368901,28377,474.04,450.34,23.70,54040.53
2026-05-19,consumer,tiktok_creator,CA,6352.51,93496,11687,225.74,214.46,11.29,24448.15
2026-05-19,consumer,tiktok_creator,LATAM,21457.56,567360,37824,565.27,537.01,28.26,28998.59
2026-05-19,consumer,youtube,US_W,11135.81,79470,5298,121.45,97.16,24.29,13408.60
2026-05-19,consumer,youtube,US_E,11279.66,56617,5147,102.61,82.09,20.52,10835.56
2026-05-19,consumer,youtube,US_C,7282.79,33890,3389,75.12,60.10,15.02,7211.41
2026-05-19,consumer,youtube,CA,4723.07,33945,2263,52.50,42.00,10.50,4787.98
2026-05-19,consumer,youtube,LATAM,3037.33,18070,1390,23.99,19.19,4.80,1036.26
2026-05-19,consumer,reddit_test,US_W,3250.32,27780,1852,29.22,24.84,4.38,3428.04
2026-05-19,consumer,reddit_test,US_E,3252.54,20845,1895,26.16,22.24,3.92,2935.68
2026-05-19,consumer,reddit_test,US_C,2082.73,15782,1214,18.03,15.32,2.70,1838.75
2026-05-19,consumer,reddit_test,CA,1366.28,6543,727,11.70,9.95,1.76,1133.89
2026-05-19,consumer,reddit_test,LATAM,898.93,6318,486,6.58,5.59,0.99,302.09
2026-05-19,enterprise,google_brand,US_W,5122.66,14790,1479,58.31,23.32,34.99,75103.37
2026-05-19,enterprise,google_brand,US_E,5063.62,19396,1492,63.33,25.33,38.00,78017.31
2026-05-19,enterprise,google_brand,US_C,3245.27,11232,936,34.96,13.98,20.97,39151.63
2026-05-19,enterprise,google_brand,CA,1871.86,4698,522,22.38,8.95,13.43,23807.08
2026-05-19,enterprise,google_brand,LATAM,1216.14,2848,356,11.89,4.76,7.13,5992.56
2026-05-19,enterprise,google_nonbrand,US_W,12190.52,20380,2038,33.95,30.55,3.39,98377.11
2026-05-19,enterprise,google_nonbrand,US_E,10847.51,25004,1786,34.26,30.83,3.43,94968.74
2026-05-19,enterprise,google_nonbrand,US_C,7520.69,17108,1222,20.98,18.88,2.10,52865.92
2026-05-19,enterprise,google_nonbrand,CA,4429.76,6156,684,13.04,11.73,1.30,31211.58
2026-05-19,enterprise,google_nonbrand,LATAM,2966.52,6370,490,7.79,7.01,0.78,8832.66
2026-05-19,enterprise,linkedin_abm,US_W,33654.55,35586,3954,48.23,44.85,3.38,144416.76
2026-05-19,enterprise,linkedin_abm,US_E,35152.87,53534,4118,51.04,47.47,3.57,146194.01
2026-05-19,enterprise,linkedin_abm,US_C,15342.55,26012,1858,21.84,20.31,1.53,56871.09
2026-05-19,enterprise,linkedin_abm,CA,12227.06,17244,1437,16.63,15.47,1.16,41146.96
2026-05-19,enterprise,linkedin_abm,LATAM,2830.31,5025,335,3.46,3.22,0.24,4057.01
2026-05-19,enterprise,linkedin_retarget,US_W,10836.24,18016,2252,59.25,17.78,41.48,57238.38
2026-05-19,enterprise,linkedin_retarget,US_E,9694.78,17946,1994,49.45,14.83,34.61,45689.06
2026-05-19,enterprise,linkedin_retarget,US_C,4744.35,12824,916,22.70,6.81,15.89,19068.72
2026-05-19,enterprise,linkedin_retarget,CA,3382.31,8268,689,15.96,4.79,11.17,12733.64
2026-05-19,enterprise,linkedin_retarget,LATAM,839.42,2275,175,3.55,1.07,2.49,1342.16
2026-05-19,enterprise,meta_prospect,US_W,6974.22,31290,3129,27.05,23.81,3.25,76659.04
2026-05-19,enterprise,meta_prospect,US_E,6743.39,34133,3103,25.95,22.83,3.11,70324.00
2026-05-19,enterprise,meta_prospect,US_C,4788.06,22957,2087,15.34,13.50,1.84,37808.20
2026-05-19,enterprise,meta_prospect,CA,2894.96,19005,1267,9.58,8.43,1.15,22427.05
2026-05-19,enterprise,meta_prospect,LATAM,1785.06,11578,827,5.98,5.26,0.72,6630.91
2026-05-19,enterprise,youtube,US_W,6241.56,14004,1556,14.72,11.04,3.68,35540.31
2026-05-19,enterprise,youtube,US_E,6277.13,18072,1506,14.50,10.87,3.62,33489.95
2026-05-19,enterprise,youtube,US_C,3801.44,9760,976,10.25,7.69,2.56,21533.74
2026-05-19,enterprise,youtube,CA,2476.30,5040,630,5.76,4.32,1.44,11483.62
2026-05-19,enterprise,youtube,LATAM,1642.79,4356,396,3.27,2.45,0.82,3086.20
2026-05-26,consumer,google_brand,US_W,10707.97,129180,8612,761.39,266.49,494.91,36775.31
2026-05-26,consumer,google_brand,US_E,11097.28,79785,8865,734.10,256.93,477.16,33915.25
2026-05-26,consumer,google_brand,US_C,7095.55,75972,5844,574.69,201.14,373.55,24136.98
2026-05-26,consumer,google_brand,CA,4392.65,39248,3568,330.41,115.64,214.77,13183.28
2026-05-26,consumer,google_brand,LATAM,2822.02,19000,2375,185.60,64.96,120.64,3507.79
2026-05-26,consumer,google_nonbrand,US_W,27692.53,110506,10046,482.37,424.49,57.88,58579.46
2026-05-26,consumer,google_nonbrand,US_E,27272.61,104951,9541,434.55,382.41,52.15,50477.50
2026-05-26,consumer,google_nonbrand,US_C,17473.94,53991,5999,299.92,263.93,35.99,31672.08
2026-05-26,consumer,google_nonbrand,CA,10540.43,51272,3944,216.40,190.43,25.97,21709.51
2026-05-26,consumer,google_nonbrand,LATAM,6583.39,31668,2436,104.95,92.35,12.59,4987.03
2026-05-26,consumer,meta_prospect,US_W,45646.51,361242,40138,1117.35,1027.96,89.39,141858.61
2026-05-26,consumer,meta_prospect,US_E,41806.60,290896,36362,969.71,892.13,77.58,117761.64
2026-05-26,consumer,meta_prospect,US_C,32249.34,367584,30632,840.19,772.98,67.22,92757.50
2026-05-26,consumer,meta_prospect,CA,18497.01,235438,16817,462.91,425.88,37.03,48550.19
2026-05-26,consumer,meta_prospect,LATAM,11275.52,123444,10287,250.51,230.47,20.04,12445.48
2026-05-26,consumer,meta_retarget,US_W,18697.36,255860,25586,1664.40,416.10,1248.30,57421.71
2026-05-26,consumer,meta_retarget,US_E,20148.62,256221,28469,1754.02,438.50,1315.51,57882.62
2026-05-26,consumer,meta_retarget,US_C,12949.04,202202,18382,1202.94,300.73,902.20,36088.17
2026-05-26,consumer,meta_retarget,CA,7446.01,152955,10197,603.80,150.95,452.85,17208.39
2026-05-26,consumer,meta_retarget,LATAM,5437.84,74220,7422,391.09,97.77,293.32,5279.78
2026-05-26,consumer,tiktok_creator,US_W,20496.40,380400,38040,712.31,676.70,35.62,93384.39
2026-05-26,consumer,tiktok_creator,US_E,27761.74,596424,49702,897.72,852.83,44.89,112573.79
2026-05-26,consumer,tiktok_creator,US_C,16905.55,355080,29590,562.57,534.44,28.13,64132.58
2026-05-26,consumer,tiktok_creator,CA,7203.24,163748,12596,244.86,232.62,12.24,26518.51
2026-05-26,consumer,tiktok_creator,LATAM,26020.18,416070,46230,645.62,613.34,32.28,33120.44
2026-05-26,consumer,youtube,US_W,13346.42,63620,6362,127.52,102.02,25.50,14078.15
2026-05-26,consumer,youtube,US_E,13071.94,54648,6072,122.97,98.38,24.59,12986.15
2026-05-26,consumer,youtube,US_C,8516.22,32464,4058,81.13,64.91,16.23,7788.93
2026-05-26,consumer,youtube,CA,5123.53,24320,2432,52.25,41.80,10.45,4765.36
2026-05-26,consumer,youtube,LATAM,3378.31,23548,1682,28.53,22.82,5.71,1232.52
2026-05-26,consumer,reddit_test,US_W,3647.43,25675,1975,32.09,27.28,4.81,3764.03
2026-05-26,consumer,reddit_test,US_E,3675.97,15648,1956,28.59,24.30,4.29,3208.21
2026-05-26,consumer,reddit_test,US_C,2413.24,19334,1381,22.71,19.30,3.41,2316.37
2026-05-26,consumer,reddit_test,CA,1420.98,9432,786,11.28,9.59,1.69,1092.71
2026-05-26,consumer,reddit_test,LATAM,989.38,6072,552,6.35,5.39,0.95,291.25
2026-05-26,enterprise,google_brand,US_W,5532.58,17875,1625,68.11,27.25,40.87,87731.46
2026-05-26,enterprise,google_brand,US_E,5690.39,18040,1640,65.51,26.21,39.31,80711.88
2026-05-26,enterprise,google_brand,US_C,3957.53,11350,1135,48.09,19.23,28.85,53857.93
2026-05-26,enterprise,google_brand,CA,2108.56,7761,597,22.60,9.04,13.56,24051.50
2026-05-26,enterprise,google_brand,LATAM,1559.44,5902,454,13.92,5.57,8.35,7016.70
2026-05-26,enterprise,google_nonbrand,US_W,12289.41,24156,2013,38.76,34.89,3.88,112335.69
2026-05-26,enterprise,google_nonbrand,US_E,12508.40,30345,2023,34.51,31.06,3.45,95653.76
2026-05-26,enterprise,google_nonbrand,US_C,9560.06,19368,1614,26.97,24.28,2.70,67974.60
2026-05-26,enterprise,google_nonbrand,CA,4994.02,11746,839,16.30,14.67,1.63,39026.91
2026-05-26,enterprise,google_nonbrand,LATAM,3675.68,5265,585,9.80,8.82,0.98,11113.20
2026-05-26,enterprise,linkedin_abm,US_W,40581.73,66864,4776,58.88,54.76,4.12,176336.48
2026-05-26,enterprise,linkedin_abm,US_E,37338.53,44220,4422,52.37,48.71,3.67,150020.05
2026-05-26,enterprise,linkedin_abm,US_C,16447.12,26432,1888,21.82,20.29,1.53,56813.47
2026-05-26,enterprise,linkedin_abm,CA,14177.37,20484,1707,19.74,18.36,1.38,48829.40
2026-05-26,enterprise,linkedin_abm,LATAM,3287.69,3627,403,3.81,3.54,0.27,4466.25
2026-05-26,enterprise,linkedin_retarget,US_W,11566.83,31290,2235,55.50,16.65,38.85,53608.81
2026-05-26,enterprise,linkedin_retarget,US_E,11498.91,34005,2267,59.74,17.92,41.82,55199.08
2026-05-26,enterprise,linkedin_retarget,US_C,5085.56,9930,993,22.94,6.88,16.06,19267.81
2026-05-26,enterprise,linkedin_retarget,CA,4403.74,6904,863,22.46,6.74,15.72,17921.72
2026-05-26,enterprise,linkedin_retarget,LATAM,1001.45,2277,207,4.09,1.23,2.86,1545.78
2026-05-26,enterprise,meta_prospect,US_W,9228.54,49812,4151,30.21,26.59,3.63,85609.60
2026-05-26,enterprise,meta_prospect,US_E,8255.70,55104,3936,28.53,25.11,3.42,77341.11
2026-05-26,enterprise,meta_prospect,US_C,6048.15,24876,2764,22.33,19.65,2.68,55030.13
2026-05-26,enterprise,meta_prospect,CA,3413.20,12784,1598,11.86,10.44,1.42,27768.96
2026-05-26,enterprise,meta_prospect,LATAM,2128.81,10934,994,6.38,5.62,0.77,7078.33
2026-05-26,enterprise,youtube,US_W,7524.78,16713,1857,19.05,14.29,4.76,46015.23
2026-05-26,enterprise,youtube,US_E,7248.52,14144,1768,18.79,14.09,4.70,43395.37
2026-05-26,enterprise,youtube,US_C,5148.92,12480,1248,12.84,9.63,3.21,26973.20
2026-05-26,enterprise,youtube,CA,2674.89,6219,691,7.34,5.50,1.83,14637.08
2026-05-26,enterprise,youtube,LATAM,1768.22,6160,440,3.49,2.62,0.87,3299.61
2026-06-02,consumer,google_brand,US_W,9335.63,107772,7698,589.97,206.49,383.48,28495.35
2026-06-02,consumer,google_brand,US_E,8413.84,81732,6811,540.16,189.06,351.10,24955.26
2026-06-02,consumer,google_brand,US_C,5867.97,51898,4718,408.25,142.89,265.36,17146.57
2026-06-02,consumer,google_brand,CA,3635.15,45420,3028,275.78,96.52,179.26,11003.62
2026-06-02,consumer,google_brand,LATAM,2201.33,19734,1794,119.65,41.88,77.77,2261.32
2026-06-02,consumer,google_nonbrand,US_W,22703.24,66792,8349,372.72,327.99,44.73,45262.63
2026-06-02,consumer,google_nonbrand,US_E,23934.71,131835,8789,401.44,353.27,48.17,46631.66
2026-06-02,consumer,google_nonbrand,US_C,14428.47,62232,5186,235.05,206.84,28.21,24820.80
2026-06-02,consumer,google_nonbrand,CA,8423.80,35448,2954,131.04,115.31,15.72,13145.52
2026-06-02,consumer,google_nonbrand,LATAM,5501.06,22671,2061,82.82,72.88,9.94,3935.68
2026-06-02,consumer,meta_prospect,US_W,41247.16,431976,35998,977.19,899.02,78.18,124064.31
2026-06-02,consumer,meta_prospect,US_E,38546.27,396682,36062,994.15,914.62,79.53,120729.95
2026-06-02,consumer,meta_prospect,US_C,25869.28,246520,24652,634.36,583.61,50.75,70033.50
2026-06-02,consumer,meta_prospect,CA,14541.08,173433,13341,372.64,342.83,29.81,39082.42
2026-06-02,consumer,meta_prospect,LATAM,10901.09,94420,9442,219.71,202.13,17.58,10915.17
2026-06-02,consumer,meta_retarget,US_W,17121.29,355440,23696,1466.89,366.72,1100.17,50607.84
2026-06-02,consumer,meta_retarget,US_E,17064.38,188688,23586,1207.33,301.83,905.49,39841.75
2026-06-02,consumer,meta_retarget,US_C,10816.67,120136,15017,851.44,212.86,638.58,25543.17
2026-06-02,consumer,meta_retarget,CA,6597.52,123916,9532,570.55,142.64,427.92,16260.79
2026-06-02,consumer,meta_retarget,LATAM,4676.93,90493,6961,356.69,89.17,267.52,4815.30
2026-06-02,consumer,tiktok_creator,US_W,16737.00,293580,29358,517.07,491.22,25.85,67788.33
2026-06-02,consumer,tiktok_creator,US_E,23922.60,405018,45002,816.36,775.54,40.82,102371.42
2026-06-02,consumer,tiktok_creator,US_C,14434.13,246627,27403,453.98,431.28,22.70,51753.40
2026-06-02,consumer,tiktok_creator,CA,5579.33,139496,9964,184.64,175.40,9.23,19996.08
2026-06-02,consumer,tiktok_creator,LATAM,21416.68,407330,40733,603.30,573.14,30.17,30949.32
2026-06-02,consumer,youtube,US_W,11674.68,72709,5593,124.68,99.74,24.94,13764.20
2026-06-02,consumer,youtube,US_E,10799.70,62256,5188,100.32,80.26,20.06,10593.97
2026-06-02,consumer,youtube,US_C,7815.44,29160,3645,70.52,56.42,14.10,6769.90
2026-06-02,consumer,youtube,CA,4844.60,19280,2410,48.76,39.01,9.75,4446.76
2026-06-02,consumer,youtube,LATAM,2860.08,14707,1337,24.95,19.96,4.99,1077.98
2026-06-02,consumer,reddit_test,US_W,3300.74,22893,1761,24.81,21.09,3.72,2910.35
2026-06-02,consumer,reddit_test,US_E,3355.34,18150,1815,28.06,23.85,4.21,3148.38
2026-06-02,consumer,reddit_test,US_C,2199.30,16614,1278,19.18,16.30,2.88,1956.26
2026-06-02,consumer,reddit_test,CA,1280.41,6246,694,9.30,7.90,1.39,900.71
2026-06-02,consumer,reddit_test,LATAM,840.36,3840,480,6.01,5.11,0.90,275.69
2026-06-02,enterprise,google_brand,US_W,4754.51,19460,1390,57.17,22.87,34.30,73631.65
2026-06-02,enterprise,google_brand,US_E,4837.54,12285,1365,51.80,20.72,31.08,63813.20
2026-06-02,enterprise,google_brand,US_C,3398.45,10989,999,38.15,15.26,22.89,42726.65
2026-06-02,enterprise,google_brand,CA,1832.60,6012,501,20.14,8.06,12.08,21429.24
2026-06-02,enterprise,google_brand,LATAM,1192.27,4316,332,9.77,3.91,5.86,4925.03
2026-06-02,enterprise,google_nonbrand,US_W,10703.64,15336,1704,30.17,27.15,3.02,87430.87
2026-06-02,enterprise,google_nonbrand,US_E,11007.11,14888,1861,33.96,30.57,3.40,94149.62
2026-06-02,enterprise,google_nonbrand,US_C,7450.62,17080,1220,21.09,18.98,2.11,53135.36
2026-06-02,enterprise,google_nonbrand,CA,4272.05,7271,661,10.53,9.47,1.05,25198.02
2026-06-02,enterprise,google_nonbrand,LATAM,2969.62,5772,481,7.51,6.76,0.75,8512.42
2026-06-02,enterprise,linkedin_abm,US_W,34771.37,56098,4007,41.55,38.64,2.91,124414.02
2026-06-02,enterprise,linkedin_abm,US_E,34289.56,54223,4171,43.79,40.72,3.07,125429.90
2026-06-02,enterprise,linkedin_abm,US_C,13375.27,22620,1508,18.11,16.84,1.27,47164.05
2026-06-02,enterprise,linkedin_abm,CA,11064.45,14868,1239,13.06,12.14,0.91,32297.53
2026-06-02,enterprise,linkedin_abm,LATAM,3127.53,5124,366,3.24,3.01,0.23,3795.88
2026-06-02,enterprise,linkedin_retarget,US_W,10310.26,30002,2143,47.99,14.40,33.60,46361.82
2026-06-02,enterprise,linkedin_retarget,US_E,9836.16,30645,2043,46.76,14.03,32.73,43202.99
2026-06-02,enterprise,linkedin_retarget,US_C,4115.87,9816,818,18.31,5.49,12.82,15383.23
2026-06-02,enterprise,linkedin_retarget,CA,3587.97,6228,692,16.90,5.07,11.83,13487.00
2026-06-02,enterprise,linkedin_retarget,LATAM,829.01,1793,163,3.28,0.98,2.30,1240.94
2026-06-02,enterprise,meta_prospect,US_W,7326.65,48202,3443,27.54,24.24,3.30,78037.77
2026-06-02,enterprise,meta_prospect,US_E,7805.54,39754,3614,29.55,26.00,3.55,80089.89
2026-06-02,enterprise,meta_prospect,US_C,4824.50,16800,2100,17.06,15.02,2.05,42046.02
2026-06-02,enterprise,meta_prospect,CA,2906.72,13740,1374,10.95,9.64,1.31,25639.62
2026-06-02,enterprise,meta_prospect,LATAM,1819.47,8480,848,5.07,4.46,0.61,5616.95
2026-06-02,enterprise,youtube,US_W,6510.95,23478,1677,14.59,10.94,3.65,35223.39
2026-06-02,enterprise,youtube,US_E,5645.24,14370,1437,12.70,9.53,3.18,29342.81
2026-06-02,enterprise,youtube,US_C,4251.49,9333,1037,10.55,7.91,2.64,22152.24
2026-06-02,enterprise,youtube,CA,2261.45,6816,568,5.39,4.05,1.35,10762.60
2026-06-02,enterprise,youtube,LATAM,1619.38,5894,421,3.04,2.28,0.76,2868.76
2026-06-09,consumer,google_brand,US_W,6813.98,49311,5479,462.20,161.77,300.43,22324.35
2026-06-09,consumer,google_brand,US_E,7758.24,78060,6505,498.33,174.41,323.91,23022.63
2026-06-09,consumer,google_brand,US_C,5127.64,53220,4435,397.12,138.99,258.13,16678.97
2026-06-09,consumer,google_brand,CA,2851.36,18976,2372,201.77,70.62,131.15,8050.72
2026-06-09,consumer,google_brand,LATAM,1835.56,21196,1514,109.67,38.38,71.28,2072.73
2026-06-09,consumer,google_nonbrand,US_W,16820.69,68651,6241,278.92,245.45,33.47,33871.87
2026-06-09,consumer,google_nonbrand,US_E,16851.22,78039,6003,264.79,233.01,31.77,30757.86
2026-06-09,consumer,google_nonbrand,US_C,11177.86,49416,4118,182.96,161.00,21.95,19320.11
2026-06-09,consumer,google_nonbrand,CA,7662.84,31174,2834,135.92,119.61,16.31,13635.32
2026-06-09,consumer,google_nonbrand,LATAM,4559.60,22165,1705,66.27,58.31,7.95,3148.92
2026-06-09,consumer,meta_prospect,US_W,30211.49,299596,27236,725.95,667.87,58.08,92166.31
2026-06-09,consumer,meta_prospect,US_E,31076.24,441285,29419,747.81,687.98,59.82,90813.53
2026-06-09,consumer,meta_prospect,US_C,21780.78,205270,20527,565.78,520.52,45.26,62462.45
2026-06-09,consumer,meta_prospect,CA,11675.44,86688,10836,275.23,253.21,22.02,28866.06
2026-06-09,consumer,meta_prospect,LATAM,7928.33,59816,7477,154.75,142.37,12.38,7688.16
2026-06-09,consumer,meta_retarget,US_W,13312.43,208274,18934,1138.69,284.67,854.02,39284.93
2026-06-09,consumer,meta_retarget,US_E,13366.77,177417,19713,1095.19,273.80,821.39,36141.38
2026-06-09,consumer,meta_retarget,US_C,9513.54,198600,13240,733.17,183.29,549.88,21995.16
2026-06-09,consumer,meta_retarget,CA,5261.15,101322,7794,440.08,110.02,330.06,12542.37
2026-06-09,consumer,meta_retarget,LATAM,3606.05,47925,5325,239.08,59.77,179.31,3227.60
2026-06-09,consumer,tiktok_creator,US_W,13860.72,274065,24915,386.87,367.52,19.34,50718.29
2026-06-09,consumer,tiktok_creator,US_E,19313.03,427584,35632,614.36,583.64,30.72,77040.39
2026-06-09,consumer,tiktok_creator,US_C,12029.32,175200,21900,391.23,371.67,19.56,44599.81
2026-06-09,consumer,tiktok_creator,CA,4548.36,63720,7965,123.95,117.75,6.20,13423.72
2026-06-09,consumer,tiktok_creator,LATAM,15590.83,343848,28654,441.46,419.38,22.07,22646.68
2026-06-09,consumer,youtube,US_W,9132.82,51540,4295,84.76,67.81,16.95,9357.35
2026-06-09,consumer,youtube,US_E,8828.68,57680,4120,84.19,67.35,16.84,8890.26
2026-06-09,consumer,youtube,US_C,6247.01,36764,2828,63.30,50.64,12.66,6076.63
2026-06-09,consumer,youtube,CA,3734.58,16155,1795,34.94,27.95,6.99,3186.58
2026-06-09,consumer,youtube,LATAM,2458.27,14963,1151,19.02,15.22,3.80,821.64
2026-06-09,consumer,reddit_test,US_W,2794.37,18180,1515,21.91,18.62,3.29,2569.82
2026-06-09,consumer,reddit_test,US_E,2509.86,11168,1396,18.36,15.61,2.75,2060.38
2026-06-09,consumer,reddit_test,US_C,1847.11,13741,1057,14.96,12.72,2.24,1525.85
2026-06-09,consumer,reddit_test,CA,1087.19,7404,617,8.83,7.50,1.32,855.33
2026-06-09,consumer,reddit_test,LATAM,677.31,2984,373,4.30,3.66,0.65,197.41
2026-06-09,enterprise,google_brand,US_W,4015.01,15639,1203,47.32,18.93,28.39,60953.60
2026-06-09,enterprise,google_brand,US_E,4106.00,17100,1140,42.47,16.99,25.48,52325.73
2026-06-09,enterprise,google_brand,US_C,2813.40,8170,817,30.27,12.11,18.16,33906.01
2026-06-09,enterprise,google_brand,CA,1671.33,4455,495,17.15,6.86,10.29,18244.41
2026-06-09,enterprise,google_brand,LATAM,1051.69,3070,307,10.09,4.04,6.05,5085.36
2026-06-09,enterprise,google_nonbrand,US_W,9906.66,18271,1661,28.51,25.66,2.85,82621.54
2026-06-09,enterprise,google_nonbrand,US_E,9031.45,19396,1492,23.88,21.49,2.39,66204.59
2026-06-09,enterprise,google_nonbrand,US_C,6037.14,8838,982,16.23,14.61,1.62,40904.12
2026-06-09,enterprise,google_nonbrand,CA,3680.78,5535,615,10.41,9.37,1.04,24923.71
2026-06-09,enterprise,google_nonbrand,LATAM,2454.52,5362,383,5.01,4.51,0.50,5679.36
2026-06-09,enterprise,linkedin_abm,US_W,27869.01,32500,3250,38.75,36.04,2.71,116042.78
2026-06-09,enterprise,linkedin_abm,US_E,26127.27,44715,2981,32.49,30.21,2.27,93059.05
2026-06-09,enterprise,linkedin_abm,US_C,11208.55,12294,1366,14.19,13.20,0.99,36959.29
2026-06-09,enterprise,linkedin_abm,CA,9490.79,9048,1131,11.74,10.92,0.82,29049.00
2026-06-09,enterprise,linkedin_abm,LATAM,2189.02,2510,251,2.49,2.32,0.17,2920.00
2026-06-09,enterprise,linkedin_retarget,US_W,8578.51,14913,1657,40.50,12.15,28.35,39126.74
2026-06-09,enterprise,linkedin_retarget,US_E,7972.54,22162,1583,36.09,10.83,25.26,33347.21
2026-06-09,enterprise,linkedin_retarget,US_C,3902.60,8481,771,16.18,4.85,11.33,13592.01
2026-06-09,enterprise,linkedin_retarget,CA,3012.98,6919,629,15.69,4.71,10.98,12517.44
2026-06-09,enterprise,linkedin_retarget,LATAM,670.40,1397,127,2.61,0.78,1.83,987.70
2026-06-09,enterprise,meta_prospect,US_W,6127.59,38374,2741,18.78,16.52,2.25,53209.60
2026-06-09,enterprise,meta_prospect,US_E,5946.73,21200,2650,17.91,15.76,2.15,48529.86
2026-06-09,enterprise,meta_prospect,US_C,3834.44,22178,1706,13.20,11.62,1.58,32523.93
2026-06-09,enterprise,meta_prospect,CA,2352.19,16335,1089,7.47,6.57,0.90,17481.96
2026-06-09,enterprise,meta_prospect,LATAM,1549.26,9548,682,4.67,4.11,0.56,5182.77
2026-06-09,enterprise,youtube,US_W,4571.88,12221,1111,11.27,8.46,2.82,27225.13
2026-06-09,enterprise,youtube,US_E,5138.46,16848,1296,11.19,8.40,2.80,25858.97
2026-06-09,enterprise,youtube,US_C,3413.51,10536,878,7.92,5.94,1.98,16629.43
2026-06-09,enterprise,youtube,CA,2067.17,4184,523,4.93,3.70,1.23,9832.61
2026-06-09,enterprise,youtube,LATAM,1355.02,3087,343,2.44,1.83,0.61,2303.72
2026-06-16,consumer,google_brand,US_W,5973.01,73755,4917,406.51,142.28,264.23,19634.45
2026-06-16,consumer,google_brand,US_E,6249.15,40432,5054,429.30,150.25,279.04,19833.61
2026-06-16,consumer,google_brand,US_C,3907.32,39696,3308,279.73,97.91,181.82,11748.63
2026-06-16,consumer,google_brand,CA,2469.02,18882,2098,169.04,59.16,109.87,6744.56
2026-06-16,consumer,google_brand,LATAM,1617.29,12267,1363,90.76,31.77,59.00,1715.40
2026-06-16,consumer,google_nonbrand,US_W,15128.58,60071,5461,262.29,230.81,31.47,31852.34
2026-06-16,consumer,google_nonbrand,US_E,14790.02,78510,5234,221.97,195.33,26.64,25784.13
2026-06-16,consumer,google_nonbrand,US_C,10751.81,43032,3912,177.31,156.03,21.28,18723.69
2026-06-16,consumer,google_nonbrand,CA,5571.98,30360,2024,99.59,87.64,11.95,9990.48
2026-06-16,consumer,google_nonbrand,LATAM,3809.19,11736,1304,50.55,44.48,6.07,2402.15
2026-06-16,consumer,meta_prospect,US_W,27833.63,272580,22715,493.44,453.97,39.48,62647.63
2026-06-16,consumer,meta_prospect,US_E,25154.09,154608,19326,450.01,414.01,36.00,54649.48
2026-06-16,consumer,meta_prospect,US_C,18409.28,204442,14603,331.31,304.80,26.50,36576.12
2026-06-16,consumer,meta_prospect,CA,10855.33,67032,8379,193.09,177.64,15.45,20251.17
2026-06-16,consumer,meta_prospect,LATAM,6423.96,64753,4981,95.51,87.87,7.64,4744.78
2026-06-16,consumer,meta_retarget,US_W,11293.47,127692,14188,682.44,170.61,511.83,23544.23
2026-06-16,consumer,meta_retarget,US_E,11321.38,197218,14087,610.38,152.60,457.79,20142.59
2026-06-16,consumer,meta_retarget,US_C,8274.52,153330,10222,469.01,117.25,351.76,14070.40
2026-06-16,consumer,meta_retarget,CA,4844.58,55935,6215,309.16,77.29,231.87,8811.09
2026-06-16,consumer,meta_retarget,LATAM,2900.64,37500,3750,164.09,41.02,123.07,2215.18
2026-06-16,consumer,tiktok_creator,US_W,11056.08,313920,20928,341.61,324.53,17.08,44785.44
2026-06-16,consumer,tiktok_creator,US_E,14257.79,204888,25611,407.64,387.26,20.38,51118.61
2026-06-16,consumer,tiktok_creator,US_C,10218.58,192850,19285,330.25,313.73,16.51,37648.18
2026-06-16,consumer,tiktok_creator,CA,3745.83,102030,6802,120.05,114.05,6.00,13001.81
2026-06-16,consumer,tiktok_creator,LATAM,12439.80,242858,22078,295.97,281.17,14.80,15183.35
2026-06-16,consumer,youtube,US_W,8293.73,36144,4016,77.80,62.24,15.56,8589.14
2026-06-16,consumer,youtube,US_E,7621.83,51954,3711,74.03,59.22,14.81,7817.12
2026-06-16,consumer,youtube,US_C,4847.66,19064,2383,51.45,41.16,10.29,4939.06
2026-06-16,consumer,youtube,CA,2841.04,21165,1411,28.28,22.62,5.66,2579.11
2026-06-16,consumer,youtube,LATAM,2170.23,16065,1071,16.68,13.34,3.34,720.38
2026-06-16,consumer,reddit_test,US_W,2138.14,12837,1167,15.22,12.94,2.28,1785.63
2026-06-16,consumer,reddit_test,US_E,2219.10,10953,1217,17.67,15.02,2.65,1982.08
2026-06-16,consumer,reddit_test,US_C,1457.94,12510,834,11.27,9.58,1.69,1149.12
2026-06-16,consumer,reddit_test,CA,873.07,3728,466,6.36,5.40,0.95,616.05
2026-06-16,consumer,reddit_test,LATAM,549.70,2416,302,3.54,3.01,0.53,162.67
2026-06-16,enterprise,google_brand,US_W,3474.16,12252,1021,40.61,16.24,24.36,52301.94
2026-06-16,enterprise,google_brand,US_E,3508.08,15120,1008,37.83,15.13,22.70,46601.22
2026-06-16,enterprise,google_brand,US_C,2359.94,7315,665,22.05,8.82,13.23,24693.94
2026-06-16,enterprise,google_brand,CA,1393.55,5865,391,14.99,6.00,9.00,15953.19
2026-06-16,enterprise,google_brand,LATAM,911.05,2304,256,7.85,3.14,4.71,3954.10
2026-06-16,enterprise,google_nonbrand,US_W,8024.28,15096,1258,19.95,17.96,2.00,57821.59
2026-06-16,enterprise,google_nonbrand,US_E,7763.40,12360,1236,18.65,16.79,1.87,51702.30
2026-06-16,enterprise,google_nonbrand,US_C,5130.18,11956,854,14.67,13.20,1.47,36960.82
2026-06-16,enterprise,google_nonbrand,CA,2888.04,6580,470,7.22,6.50,0.72,17278.71
2026-06-16,enterprise,google_nonbrand,LATAM,1961.07,4238,326,4.26,3.83,0.43,4828.59
2026-06-16,enterprise,linkedin_abm,US_W,21663.26,22734,2526,29.94,27.84,2.10,89650.92
2026-06-16,enterprise,linkedin_abm,US_E,24120.28,28230,2823,31.80,29.58,2.23,91099.70
2026-06-16,enterprise,linkedin_abm,US_C,10641.11,16646,1189,13.60,12.65,0.95,35407.30
2026-06-16,enterprise,linkedin_abm,CA,8354.35,9810,981,10.73,9.98,0.75,26544.80
2026-06-16,enterprise,linkedin_abm,LATAM,2041.99,2088,232,2.29,2.13,0.16,2682.48
2026-06-16,enterprise,linkedin_retarget,US_W,6935.33,19614,1401,34.31,10.29,24.02,33145.65
2026-06-16,enterprise,linkedin_retarget,US_E,6970.65,15499,1409,33.29,9.99,23.30,30759.00
2026-06-16,enterprise,linkedin_retarget,US_C,2917.17,9150,610,15.18,4.56,10.63,12754.01
2026-06-16,enterprise,linkedin_retarget,CA,2539.54,5868,489,11.35,3.41,7.95,9059.58
2026-06-16,enterprise,linkedin_retarget,LATAM,638.59,1408,128,2.38,0.71,1.67,900.80
2026-06-16,enterprise,meta_prospect,US_W,4715.93,24960,1920,11.52,10.14,1.38,32635.30
2026-06-16,enterprise,meta_prospect,US_E,5286.75,20480,2048,13.36,11.76,1.60,36215.45
2026-06-16,enterprise,meta_prospect,US_C,3304.03,12186,1354,8.18,7.19,0.98,20145.63
2026-06-16,enterprise,meta_prospect,CA,2063.85,11690,835,5.31,4.68,0.64,12439.82
2026-06-16,enterprise,meta_prospect,LATAM,1357.61,7938,567,3.04,2.67,0.36,3368.37
2026-06-16,enterprise,youtube,US_W,4331.07,10850,1085,8.94,6.70,2.23,21580.57
2026-06-16,enterprise,youtube,US_E,3832.32,9150,915,7.94,5.95,1.98,18337.82
2026-06-16,enterprise,youtube,US_C,2964.53,6032,754,6.38,4.78,1.59,13390.02
2026-06-16,enterprise,youtube,CA,1701.33,3328,416,3.98,2.98,0.99,7935.31
2026-06-16,enterprise,youtube,LATAM,1075.77,2937,267,2.11,1.58,0.53,1996.98
